count,Site,Barren Land (Rock/Sand/Clay),Cultivated Crops,Deciduous Forest,Developed High Intensity,"Developed, Low Intensity","Developed, Medium Intensity","Developed, Open Space",Dwarf Scrub,Emergent Herbaceous Wetlands,Evergreen Forest,Grassland/Herbaceous,Mixed Forest,Open Water,Pasture/Hay,Perennial Ice/Snow,Sedge/Herbaceous,Shrub/Scrub,Woody Wetlands,all_developed
28032,D03_OSBS_C1_P1_v1,0,0,0,0,0,0,11.327021686688568,0,0,0,0,0,0,0,0,0,0,0,11.327021686688568
17127,D02_SERC_R1_P1_v1,0,0,0,0,0,0,9.327821710999281,0,0,0,0,0,0,0,0,0,0,0,9.327821710999281
14631,D02_SCBI_C1_P1_v1,0,0,0,0,0,0,7.968433435723156,0,0,0,0,0,0,0,0,0,0,0,7.968433435723156
15425,D03_DSNY_R1_P1_v1,0,0,0,0,0,0,7.807082808221605,0,0,0,0,0,0,0,0,0,0,0,7.807082808221605
7502,D04_LAJA_R1_P1_v6,0,0,0,0,6.759045696987171,0,0,0,0,0,0,0,0,0,0,0,0,0,6.759045696987171
13806,D09_NOGP_R2_P1_v1,0,0,0,0,0,0,5.833143204806449,0,0,0,0,0,0,0,0,0,0,0,5.833143204806449
7733,D04_GUAN_C1_P1_v1,0,0,0,0,5.534442655215602,0,0,0,0,0,0,0,0,0,0,0,0,0,5.534442655215602
11073,D06_UKFS_R1_P1_v2,0,0,0,0,0,0,5.385831367494346,0,0,0,0,0,0,0,0,0,0,0,5.385831367494346
9528,D02_SERC_R1_P1_v1,0,0,0,0,5.189203320044442,0,0,0,0,0,0,0,0,0,0,0,0,0,5.189203320044442
16013,D07_ORNL_C1_P1_v8,0,0,0,0,0,0,4.9112701888690555,0,0,0,0,0,0,0,0,0,0,0,4.9112701888690555
11350,D02_BLAN_R2_P1_v1,0,0,0,0,0,0,4.897096259222505,0,0,0,0,0,0,0,0,0,0,0,4.897096259222505
15984,D05_UNDE_C1_P1_v1,0,0,0,0,0,0,4.707767344871055,0,0,0,0,0,0,0,0,0,0,0,4.707767344871055
9595,D06_UKFS_R1_P1_v2,0,0,0,0,4.666942289452565,0,0,0,0,0,0,0,0,0,0,0,0,0,4.666942289452565
8806,D03_DSNY_R1_P1_v1,0,0,0,0,4.45699651275199,0,0,0,0,0,0,0,0,0,0,0,0,0,4.45699651275199
8687,D11_CLBJ_C1_P1_v2,0,0,0,0,0,0,4.21473970210082,0,0,0,0,0,0,0,0,0,0,0,4.21473970210082
1664,D01_HOPB_C1_P2_v1,0,0,0,0,0,0,4.205843696289556,0,0,0,0,0,0,0,0,0,0,0,4.205843696289556
9945,D09_NOGP_R2_P1_v1,0,0,0,0,4.201840444140239,0,0,0,0,0,0,0,0,0,0,0,0,0,4.201840444140239
715,D05_LIRO_A1_P2_v1,0,0,0,0,0,0,4.181286549707602,0,0,0,0,0,0,0,0,0,0,0,4.181286549707602
13574,D07_ORNL_C1_P1_v8,0,0,0,0,4.163216233292235,0,0,0,0,0,0,0,0,0,0,0,0,0,4.163216233292235
12266,D16_ABBY_R2_P1_v1,0,0,0,0,0,0,4.124966370729083,0,0,0,0,0,0,0,0,0,0,0,4.124966370729083
7808,D08_TALL_C1_P1_v1,0,0,0,0,0,0,4.028043602746581,0,0,0,0,0,0,0,0,0,0,0,4.028043602746581
6597,D08_DELA_R1_P1_v1,0,0,0,0,0,0,3.8930689563600955,0,0,0,0,0,0,0,0,0,0,0,3.8930689563600955
7055,D02_SCBI_C1_P1_v1,0,0,0,0,3.8423414591638894,0,0,0,0,0,0,0,0,0,0,0,0,0,3.8423414591638894
5262,D04_GUAN_C1_P1_v1,0,0,0,0,0,3.765968867418143,0,0,0,0,0,0,0,0,0,0,0,0,3.765968867418143
4139,D04_LAJA_R1_P1_v6,0,0,0,0,0,0,3.7290975926192877,0,0,0,0,0,0,0,0,0,0,0,3.7290975926192877
16419,D16_WREF_C1_P1_v2,0,0,0,0,0,0,3.6261202567149144,0,0,0,0,0,0,0,0,0,0,0,3.6261202567149144
14284,D03_JERC_R2_P1_v1,0,0,0,0,0,0,3.3720491029272903,0,0,0,0,0,0,0,0,0,0,0,3.3720491029272903
5629,D08_DELA_R1_P1_v1,0,0,0,0,3.3218258534714233,0,0,0,0,0,0,0,0,0,0,0,0,0,3.3218258534714233
6279,D10_STER_R1_P1,0,0,0,0,0,0,3.272988850257763,0,0,0,0,0,0,0,0,0,0,0,3.272988850257763
11286,D11_OAES_R1_P1_v2,0,0,0,0,0,0,3.165014891218388,0,0,0,0,0,0,0,0,0,0,0,3.165014891218388
3345,D11_PRIN_C1_P2_v2,0,0,0,0,0,0,3.1449497466176513,0,0,0,0,0,0,0,0,0,0,0,3.1449497466176513
17676,D01_HARV_C1_P1_v1,0,0,0,0,0,0,3.1175812818134037,0,0,0,0,0,0,0,0,0,0,0,3.1175812818134037
9367,D06_KONZ_KONA_C1_P1_v2,0,0,0,0,3.0009162613972027,0,0,0,0,0,0,0,0,0,0,0,0,0,3.0009162613972027
5800,D01_BART_R1_P1_v1,0,0,0,0,0,0,2.6939780301446854,0,0,0,0,0,0,0,0,0,0,0,2.6939780301446854
6287,D09_NOGP_R2_P1_v1,0,0,0,0,0,2.6563067744906665,0,0,0,0,0,0,0,0,0,0,0,0,2.6563067744906665
11863,D05_STEI_TREE_R1_P1_v2,0,0,0,0,0,0,2.655608161803387,0,0,0,0,0,0,0,0,0,0,0,2.655608161803387
8146,D07_ORNL_C1_P1_v8,0,0,0,0,0,2.4984204682774824,0,0,0,0,0,0,0,0,0,0,0,0,2.4984204682774824
3482,D04_GUAN_C1_P1_v1,0,0,0,0,0,0,2.492037931651458,0,0,0,0,0,0,0,0,0,0,0,2.492037931651458
1749,D06_MCDI_C1_P2_v1,0,0,0,0,0,0,2.2847513422424264,0,0,0,0,0,0,0,0,0,0,0,2.2847513422424264
5248,D07_MLBS_R1_P1_v5,0,0,0,0,0,0,2.245979234963323,0,0,0,0,0,0,0,0,0,0,0,2.245979234963323
23747,D11_BLUE_A2_P1_v1,0,0,0,0,0,0,2.1836040731429662,0,0,0,0,0,0,0,0,0,0,0,2.1836040731429662
4448,D06_UKFS_R1_P1_v2,0,0,0,0,0,2.1634767382475255,0,0,0,0,0,0,0,0,0,0,0,0,2.1634767382475255
1957,D05_CHEQ_R2_P1_v2,0,0,0,0,0,0,2.1247258593359826,0,0,0,0,0,0,0,0,0,0,0,2.1247258593359826
6372,D06_KONZ_KONA_C1_P1_v2,0,0,0,0,0,0,2.041404763277781,0,0,0,0,0,0,0,0,0,0,0,2.041404763277781
12819,D09_WOOD_DCFS_C1_P1_v2,0,0,0,0,0,0,2.032777526700126,0,0,0,0,0,0,0,0,0,0,0,2.032777526700126
2238,D04_LAJA_R1_P1_v6,0,0,0,0,0,2.0163615395704193,0,0,0,0,0,0,0,0,0,0,0,0,2.0163615395704193
6740,D10_ARIK_A1_P2_v2,0,0,0,0,0,0,1.9116228940949571,0,0,0,0,0,0,0,0,0,0,0,1.9116228940949571
633,D13_WLOU_A1_P1_v1,0,0,0,0,0,0,1.8723932913301977,0,0,0,0,0,0,0,0,0,0,0,1.8723932913301977
18397,D19_DEJU_R1_P1_v2,0,0,0,0,1.7428019541511501,0,0,0,0,0,0,0,0,0,0,0,0,0,1.7428019541511501
37115,D18_BARR_R1_P1_v2,0,0,0,0,1.7146347063500385,0,0,0,0,0,0,0,0,0,0,0,0,0,1.7146347063500385
2537,D08_LENO_R2_P1_v1,0,0,0,0,0,0,1.6426240546980213,0,0,0,0,0,0,0,0,0,0,0,1.6426240546980213
3165,D03_DSNY_R1_P1_v1,0,0,0,0,0,1.6019071045718882,0,0,0,0,0,0,0,0,0,0,0,0,1.6019071045718882
4543,D06_KONZ_KONA_C1_P1_v2,0,0,0,0,0,1.4554459886332327,0,0,0,0,0,0,0,0,0,0,0,0,1.4554459886332327
4481,D07_ORNL_C1_P1_v8,0,0,0,1.3743459511848022,0,0,0,0,0,0,0,0,0,0,0,0,0,0,1.3743459511848022
2486,D02_SERC_R1_P1_v1,0,0,0,0,0,1.3539420081476155,0,0,0,0,0,0,0,0,0,0,0,0,1.3539420081476155
2344,D17_SJER_C1_P1_v2,0,0,0,0,0,0,1.3415520566840085,0,0,0,0,0,0,0,0,0,0,0,1.3415520566840085
9361,D07_GRSM_R1_P1_all_v1,0,0,0,0,0,0,1.3344186205638173,0,0,0,0,0,0,0,0,0,0,0,1.3344186205638173
2168,D08_DELA_R1_P1_v1,0,0,0,0,0,1.2793957097754567,0,0,0,0,0,0,0,0,0,0,0,0,1.2793957097754567
3155,D03_OSBS_C1_P1_v1,0,0,0,0,1.2748556443172956,0,0,0,0,0,0,0,0,0,0,0,0,0,1.2748556443172956
5693,D16_WREF_C1_P1_v2,0,0,0,0,1.2572935392824174,0,0,0,0,0,0,0,0,0,0,0,0,0,1.2572935392824174
2333,D10_CPER_C1_P1_v1,0,0,0,0,0,0,1.2023294166151308,0,0,0,0,0,0,0,0,0,0,0,1.2023294166151308
2761,D02_BLAN_R2_P1_v1,0,0,0,0,1.1912672045562411,0,0,0,0,0,0,0,0,0,0,0,0,0,1.1912672045562411
23518,D18_BARR_R1_P1_v2,0,0,0,0,0,1.0864819890594155,0,0,0,0,0,0,0,0,0,0,0,0,1.0864819890594155
1131,D11_PRIN_C1_P2_v2,0,0,0,0,1.063359690111977,0,0,0,0,0,0,0,0,0,0,0,0,0,1.063359690111977
5818,D01_HARV_C1_P1_v1,0,0,0,0,1.0261421078066522,0,0,0,0,0,0,0,0,0,0,0,0,0,1.0261421078066522
1843,D02_SCBI_C1_P1_v1,0,0,0,0,0,1.003747031784415,0,0,0,0,0,0,0,0,0,0,0,0,1.003747031784415
224,D04_GUIL_A2_P1_v1,0,0,0,0,1.003314521186061,0,0,0,0,0,0,0,0,0,0,0,0,0,1.003314521186061
2844,D10_RMNP_R2_P1_v1,0,0,0,0,0,0,0.890260661059235,0,0,0,0,0,0,0,0,0,0,0,0.890260661059235
1862,D01_BART_R1_P1_v1,0,0,0,0,0.8648598434705869,0,0,0,0,0,0,0,0,0,0,0,0,0,0.8648598434705869
339,D01_HOPB_C1_P2_v1,0,0,0,0,0.856839551107067,0,0,0,0,0,0,0,0,0,0,0,0,0,0.856839551107067
146,D04_CUPE_A1_P1_v1,0,0,0,0,0,0,0.8538011695906433,0,0,0,0,0,0,0,0,0,0,0,0.8538011695906433
3719,D12_YELL_C1_P1_v2,0,0,0,0,0,0,0.8192044971441284,0,0,0,0,0,0,0,0,0,0,0,0.8192044971441284
5217,D19_HEAL_R3_P1_v1,0,0,0,0,0.8167770419426049,0,0,0,0,0,0,0,0,0,0,0,0,0,0.8167770419426049
3438,D03_JERC_R2_P1_v1,0,0,0,0,0.811614730878187,0,0,0,0,0,0,0,0,0,0,0,0,0,0.811614730878187
138,D04_CUPE_A1_P1_v1,0,0,0,0,0.8070175438596492,0,0,0,0,0,0,0,0,0,0,0,0,0,0.8070175438596492
1502,D11_CLBJ_C1_P1_v2,0,0,0,0,0.7287370821406045,0,0,0,0,0,0,0,0,0,0,0,0,0,0.7287370821406045
1713,D09_NOGP_R2_P1_v1,0,0,0,0.7237559256724212,0,0,0,0,0,0,0,0,0,0,0,0,0,0,0.7237559256724212
16305,D18_TOOL_C1_P1_v1,0,0,0,0,0.6902604066122756,0,0,0,0,0,0,0,0,0,0,0,0,0,0.6902604066122756
1416,D06_UKFS_R1_P1_v2,0,0,0,0.6887327026435468,0,0,0,0,0,0,0,0,0,0,0,0,0,0,0.6887327026435468
1522,D13_NIWO_C1_P1_v2,0,0,0,0,0,0,0.6735407354958622,0,0,0,0,0,0,0,0,0,0,0,0.6735407354958622
1134,D13_MOAB_R1_P1_v2,0,0,0,0,0,0,0.627823545043848,0,0,0,0,0,0,0,0,0,0,0,0.627823545043848
1710,D11_OAES_R1_P1_v2,0,0,0,0,0.4795477107906648,0,0,0,0,0,0,0,0,0,0,0,0,0,0.4795477107906648
3652,D18_OKSR_A1_P1_v1,0,0,0,0,0.469639938427272,0,0,0,0,0,0,0,0,0,0,0,0,0,0.469639938427272
78,D05_LIRO_A1_P2_v1,0,0,0,0,0.45614035087719296,0,0,0,0,0,0,0,0,0,0,0,0,0,0.45614035087719296
772,D08_DELA_R1_P1_v1,0,0,0,0.4555781770971644,0,0,0,0,0,0,0,0,0,0,0,0,0,0,0.4555781770971644
945,D13_NIWO_C1_P1_v2,0,0,0,0,0.41819710581050584,0,0,0,0,0,0,0,0,0,0,0,0,0,0.41819710581050584
191,D15_REDB_A1_P1_v1,0,0,0,0,0,0,0.41072618970819086,0,0,0,0,0,0,0,0,0,0,0,0.41072618970819086
2327,D14_SRER_C1_P1_v3,0,0,0,0,0,0,0.4098995948564383,0,0,0,0,0,0,0,0,0,0,0,0.4098995948564383
304,D06_MCDI_C1_P2_v1,0,0,0,0,0.3971208736659221,0,0,0,0,0,0,0,0,0,0,0,0,0,0.3971208736659221
711,D02_SCBI_C1_P1_v1,0,0,0,0.3872295928370695,0,0,0,0,0,0,0,0,0,0,0,0,0,0,0.3872295928370695
676,D02_SERC_R1_P1_v1,0,0,0,0.36816765788728406,0,0,0,0,0,0,0,0,0,0,0,0,0,0,0.36816765788728406
4417,D19_BONA_C1_P1_v1,0,0,0,0,0.36632223916853063,0,0,0,0,0,0,0,0,0,0,0,0,0,0.36632223916853063
1632,D05_STEI_TREE_R1_P1_v2,0,0,0,0,0.3653336019609818,0,0,0,0,0,0,0,0,0,0,0,0,0,0.3653336019609818
1134,D06_KONZ_KONA_C1_P1_v2,0,0,0,0.36330084770197796,0,0,0,0,0,0,0,0,0,0,0,0,0,0,0.36330084770197796
3868,D11_BLUE_A2_P1_v1,0,0,0,0,0.3556735821331955,0,0,0,0,0,0,0,0,0,0,0,0,0,0.3556735821331955
490,D04_GUAN_C1_P1_v1,0,0,0,0.3506888531043121,0,0,0,0,0,0,0,0,0,0,0,0,0,0,0.3506888531043121
1113,D10_RMNP_R2_P1_v1,0,0,0,0,0.34840369752423644,0,0,0,0,0,0,0,0,0,0,0,0,0,0.34840369752423644
954,D16_ABBY_R2_P1_v1,0,0,0,0,0.32082324455205813,0,0,0,0,0,0,0,0,0,0,0,0,0,0.32082324455205813
730,D15_ONAQ_C1_P1_v2,0,0,0,0,0,0,0.2583567800959105,0,0,0,0,0,0,0,0,0,0,0,0.2583567800959105
1580,D09_WOOD_DCFS_C1_P1_v2,0,0,0,0,0.25054906718045084,0,0,0,0,0,0,0,0,0,0,0,0,0,0.25054906718045084
699,D15_ONAQ_C1_P1_v2,0,0,0,0,0.24738546477676912,0,0,0,0,0,0,0,0,0,0,0,0,0,0.24738546477676912
476,D03_DSNY_R1_P1_v1,0,0,0,0.2409187304190265,0,0,0,0,0,0,0,0,0,0,0,0,0,0,0.2409187304190265
1442,D19_HEAL_R3_P1_v1,0,0,0,0,0,0,0.2257604934792479,0,0,0,0,0,0,0,0,0,0,0,0.2257604934792479
398,D13_MOAB_R1_P1_v2,0,0,0,0,0.220347240676765,0,0,0,0,0,0,0,0,0,0,0,0,0,0.220347240676765
545,D03_OSBS_C1_P1_v1,0,0,0,0,0,0.22022070559522222,0,0,0,0,0,0,0,0,0,0,0,0,0.22022070559522222
425,D01_BART_R1_P1_v1,0,0,0,0,0,0.1974035625537054,0,0,0,0,0,0,0,0,0,0,0,0,0.1974035625537054
1081,D01_HARV_C1_P1_v1,0,0,0,0,0,0.19065995505998468,0,0,0,0,0,0,0,0,0,0,0,0,0.19065995505998468
1951,D19_DEJU_R1_P1_v2,0,0,0,0,0,0,0.18482397198178474,0,0,0,0,0,0,0,0,0,0,0,0.18482397198178474
1108,D07_GRSM_R1_P1_all_v1,0,0,0,0,0,0.1579463552595566,0,0,0,0,0,0,0,0,0,0,0,0,0.1579463552595566
364,D02_BLAN_R2_P1_v1,0,0,0,0,0,0.15705225007550588,0,0,0,0,0,0,0,0,0,0,0,0,0.15705225007550588
554,D11_OAES_R1_P1_v2,0,0,0,0,0,0.1553622408058645,0,0,0,0,0,0,0,0,0,0,0,0,0.1553622408058645
301,D11_CLBJ_C1_P1_v2,0,0,0,0,0,0.146038523118723,0,0,0,0,0,0,0,0,0,0,0,0,0.146038523118723
1016,D07_GRSM_R1_P1_all_v1,0,0,0,0,0.1448316759419761,0,0,0,0,0,0,0,0,0,0,0,0,0,0.1448316759419761
251,D17_SJER_C1_P1_v2,0,0,0,0,0.143655958288262,0,0,0,0,0,0,0,0,0,0,0,0,0,0.143655958288262
49,D01_HOPB_C1_P2_v1,0,0,0,0,0,0.12384996461429583,0,0,0,0,0,0,0,0,0,0,0,0,0.12384996461429583
232,D10_STER_R1_P1,0,0,0,0,0.1209322206179011,0,0,0,0,0,0,0,0,0,0,0,0,0,0.1209322206179011
204,D17_SOAP_R1_P1_v2,0,0,0,0,0,0,0.11675623701516115,0,0,0,0,0,0,0,0,0,0,0,0.11675623701516115
24,D04_GUIL_A2_P1_v1,0,0,0,0,0,0,0.10749798441279225,0,0,0,0,0,0,0,0,0,0,0,0.10749798441279225
17,D04_CUPE_A1_P1_v1,0,0,0,0,0,0.09941520467836257,0,0,0,0,0,0,0,0,0,0,0,0,0.09941520467836257
1060,D11_BLUE_A2_P1_v1,0,0,0,0,0,0.09747000958148584,0,0,0,0,0,0,0,0,0,0,0,0,0.09747000958148584
428,D14_JORN_R1_P1_v3,0,0,0,0,0,0,0.09024642756986191,0,0,0,0,0,0,0,0,0,0,0,0.09024642756986191
210,D07_MLBS_R1_P1_v5,0,0,0,0,0.08987340688687079,0,0,0,0,0,0,0,0,0,0,0,0,0,0.08987340688687079
20,D04_GUIL_A2_P1_v1,0,0,0,0,0,0.08958165367732689,0,0,0,0,0,0,0,0,0,0,0,0,0.08958165367732689
595,D07_GRSM_R1_P1_all_v1,0,0,0,0.08481776297783049,0,0,0,0,0,0,0,0,0,0,0,0,0,0,0.08481776297783049
445,D14_SRER_C1_P1_v3,0,0,0,0,0.07838647172802536,0,0,0,0,0,0,0,0,0,0,0,0,0,0.07838647172802536
86,D04_LAJA_R1_P1_v6,0,0,0,0.07748306184229493,0,0,0,0,0,0,0,0,0,0,0,0,0,0,0.07748306184229493
267,D11_OAES_R1_P1_v2,0,0,0,0.07487674782520906,0,0,0,0,0,0,0,0,0,0,0,0,0,0,0.07487674782520906
74,D11_PRIN_C1_P2_v2,0,0,0,0,0,0.06957437406568197,0,0,0,0,0,0,0,0,0,0,0,0,0.06957437406568197
212,D10_RMNP_R2_P1_v1,0,0,0,0,0,0.06636260905223551,0,0,0,0,0,0,0,0,0,0,0,0,0.06636260905223551
98,D08_LENO_R2_P1_v1,0,0,0,0,0.06345177664974619,0,0,0,0,0,0,0,0,0,0,0,0,0,0.06345177664974619
263,D03_JERC_R2_P1_v1,0,0,0,0,0,0.06208687440982058,0,0,0,0,0,0,0,0,0,0,0,0,0.06208687440982058
204,D05_UNDE_C1_P1_v1,0,0,0,0,0.06008411776487082,0,0,0,0,0,0,0,0,0,0,0,0,0,0.06008411776487082
20,D13_WLOU_A1_P1_v1,0,0,0,0,0.05915934569763659,0,0,0,0,0,0,0,0,0,0,0,0,0,0.05915934569763659
472,D19_DEJU_R1_P1_v2,0,0,0,0,0,0.04471394914167217,0,0,0,0,0,0,0,0,0,0,0,0,0.04471394914167217
37,D05_CHEQ_R2_P1_v2,0,0,0,0,0.04017110720257095,0,0,0,0,0,0,0,0,0,0,0,0,0,0.04017110720257095
88,D03_OSBS_C1_P1_v1,0,0,0,0.03555857264656799,0,0,0,0,0,0,0,0,0,0,0,0,0,0,0.03555857264656799
82,D02_BLAN_R2_P1_v1,0,0,0,0.03537990248953704,0,0,0,0,0,0,0,0,0,0,0,0,0,0,0.03537990248953704
416,D19_BONA_C1_P1_v1,0,0,0,0,0,0,0.03450080405119057,0,0,0,0,0,0,0,0,0,0,0,0.03450080405119057
182,D14_SRER_C1_P1_v3,0,0,0,0,0,0.032059186189889025,0,0,0,0,0,0,0,0,0,0,0,0,0.032059186189889025
55,D17_SJER_C1_P1_v2,0,0,0,0,0,0.03147839723447972,0,0,0,0,0,0,0,0,0,0,0,0,0.03147839723447972
60,D08_TALL_C1_P1_v1,0,0,0,0,0.03095320391454852,0,0,0,0,0,0,0,0,0,0,0,0,0,0.03095320391454852
652,D18_BARR_R1_P1_v2,0,0,0,0,0,0,0.030121024613774087,0,0,0,0,0,0,0,0,0,0,0,0.030121024613774087
68,D13_NIWO_C1_P1_v2,0,0,0,0,0,0.03009249015356021,0,0,0,0,0,0,0,0,0,0,0,0,0.03009249015356021
32,D11_PRIN_C1_P2_v2,0,0,0,0.030086215812186796,0,0,0,0,0,0,0,0,0,0,0,0,0,0,0.030086215812186796
46,D17_SJER_C1_P1_v2,0,0,0,0.02632738677792849,0,0,0,0,0,0,0,0,0,0,0,0,0,0,0.02632738677792849
56,D01_BART_R1_P1_v1,0,0,0,0.02601082236001765,0,0,0,0,0,0,0,0,0,0,0,0,0,0,0.02601082236001765
76,D16_ABBY_R2_P1_v1,0,0,0,0,0,0.02555824589722895,0,0,0,0,0,0,0,0,0,0,0,0,0.02555824589722895
110,D16_WREF_C1_P1_v2,0,0,0,0,0,0.024293393522056193,0,0,0,0,0,0,0,0,0,0,0,0,0.024293393522056193
75,D17_TEAK_R2_P1_v3,0,0,0,0,0,0,0.023578899714223736,0,0,0,0,0,0,0,0,0,0,0,0.023578899714223736
64,D15_ONAQ_C1_P1_v2,0,0,0,0,0,0.022650457433066127,0,0,0,0,0,0,0,0,0,0,0,0,0.022650457433066127
41,D10_CPER_C1_P1_v1,0,0,0,0,0.021129663986806844,0,0,0,0,0,0,0,0,0,0,0,0,0,0.021129663986806844
103,D01_HARV_C1_P1_v1,0,0,0,0.01816648970506792,0,0,0,0,0,0,0,0,0,0,0,0,0,0,0.01816648970506792
72,D12_YELL_C1_P1_v2,0,0,0,0,0.01585983430878657,0,0,0,0,0,0,0,0,0,0,0,0,0,0.01585983430878657
31,D11_CLBJ_C1_P1_v2,0,0,0,0.01504051234777546,0,0,0,0,0,0,0,0,0,0,0,0,0,0,0.01504051234777546
40,D16_ABBY_R2_P1_v1,0,0,0,0.013451708366962604,0,0,0,0,0,0,0,0,0,0,0,0,0,0,0.013451708366962604
47,D10_ARIK_A1_P2_v2,0,0,0,0,0.013330308015202224,0,0,0,0,0,0,0,0,0,0,0,0,0,0.013330308015202224
137,D11_BLUE_A2_P1_v1,0,0,0,0.012597538974210907,0,0,0,0,0,0,0,0,0,0,0,0,0,0,0.012597538974210907
4,D13_WLOU_A1_P1_v1,0,0,0,0,0,0.011831869139527317,0,0,0,0,0,0,0,0,0,0,0,0,0.011831869139527317
115,D19_DEJU_R1_P1_v2,0,0,0,0.010894288456127752,0,0,0,0,0,0,0,0,0,0,0,0,0,0,0.010894288456127752
68,D09_WOOD_DCFS_C1_P1_v2,0,0,0,0,0,0.010783124410297884,0,0,0,0,0,0,0,0,0,0,0,0,0.010783124410297884
25,D07_MLBS_R1_P1_v5,0,0,0,0,0,0.010699215105579855,0,0,0,0,0,0,0,0,0,0,0,0,0.010699215105579855
34,D17_TEAK_R2_P1_v3,0,0,0,0,0.010689101203781427,0,0,0,0,0,0,0,0,0,0,0,0,0,0.010689101203781427
17,D17_SOAP_R1_P1_v2,0,0,0,0,0.009729686417930095,0,0,0,0,0,0,0,0,0,0,0,0,0,0.009729686417930095
42,D14_JORN_R1_P1_v3,0,0,0,0,0.008855957845640654,0,0,0,0,0,0,0,0,0,0,0,0,0,0.008855957845640654
33,D05_STEI_TREE_R1_P1_v2,0,0,0,0,0,0.0073872603337698526,0,0,0,0,0,0,0,0,0,0,0,0,0.0073872603337698526
31,D16_WREF_C1_P1_v2,0,0,0,0.006846319992579472,0,0,0,0,0,0,0,0,0,0,0,0,0,0,0.006846319992579472
5,D05_CHEQ_R2_P1_v2,0,0,0,0,0,0.005428528000347425,0,0,0,0,0,0,0,0,0,0,0,0,0.005428528000347425
15,D05_UNDE_C1_P1_v1,0,0,0,0,0,0.004417949835652266,0,0,0,0,0,0,0,0,0,0,0,0,0.004417949835652266
25,D14_SRER_C1_P1_v3,0,0,0,0.004403734366742998,0,0,0,0,0,0,0,0,0,0,0,0,0,0,0.004403734366742998
12,D03_JERC_R2_P1_v1,0,0,0,0.0028328611898017,0,0,0,0,0,0,0,0,0,0,0,0,0,0,0.0028328611898017
8,D17_TEAK_R2_P1_v3,0,0,0,0,0,0.0025150826361838652,0,0,0,0,0,0,0,0,0,0,0,0,0.0025150826361838652
1,D15_REDB_A1_P1_v1,0,0,0,0,0.0021503988989957637,0,0,0,0,0,0,0,0,0,0,0,0,0,0.0021503988989957637
4,D10_STER_R1_P1,0,0,0,0,0,0.002085038286515536,0,0,0,0,0,0,0,0,0,0,0,0,0.002085038286515536
3,D13_MOAB_R1_P1_v2,0,0,0,0,0,0.001660908849322349,0,0,0,0,0,0,0.001660908849322349,0,0,0,0,0,0.001660908849322349
5,D12_YELL_C1_P1_v2,0,0,0,0,0,0.0011013773825546227,0,0,0,0,0,0,0,0,0,0,0,0,0.0011013773825546227
5,D09_WOOD_DCFS_C1_P1_v2,0,0,0,7.928767948748444e-4,0,0,0,0,0,0,0,0,0,0,0,0,0,0,7.928767948748444e-4
1,D08_LENO_R2_P1_v1,0,0,0,0,0,6.474671086708795e-4,0,0,0,0,0,0,0,0,0,0,0,0,6.474671086708795e-4
2,D05_UNDE_C1_P1_v1,0,0,0,5.890599780869688e-4,0,0,0,0,0,0,0,0,0,0,0,0,0,0,5.890599780869688e-4
1,D17_SOAP_R1_P1_v2,0,0,0,0,0,5.723344951723586e-4,0,0,0,0,0,0,0,0,0,0,0,0,5.723344951723586e-4
1,D08_TALL_C1_P1_v1,0,0,0,0,0,5.15886731909142e-4,0,0,0,0,0,0,0,0,0,0,0,0,5.15886731909142e-4
1,D09_NOGP_R2_P1_v1,0,0,0,0,0,0,0,0,0,0,0,4.22507837520386e-4,0,0,0,0,0,0,0
1,D11_PRIN_C1_P2_v2,0,0,0,0,0,0,0,0,9.401942441308374e-4,9.401942441308374e-4,0,0,0,0,0,0,0,0,0
1,D17_SJER_C1_P1_v2,0,0,0,0,0,0,0,0,0,0,0,0,0,0,0,0,0,5.723344951723586e-4,0
2,D02_SCBI_C1_P1_v1,0.0010892534257020239,0,0,0,0,0,0,0,0,0,0,0,0,0,0,0,0,0,0
2,D16_ABBY_R2_P1_v1,0,0,0,0,0,0,0,0,0,0,0,0,6.725854183481303e-4,0,0,0,0,0,0
2,D17_SJER_C1_P1_v2,0,0,0,0,0,0,0,0,0.0011446689903447172,0,0,0,0,0,0,0,0,0,0
3,D05_UNDE_C1_P1_v1,0,0,0,0,0,0,0,0,0,0,0,0,0,8.835899671304533e-4,0,0,0,0,0
3,D14_JORN_R1_P1_v3,0,0,0,0,0,0,0,0,6.32568417545761e-4,0,0,0,0,0,0,0,0,0,0
4,D04_GUIL_A2_P1_v1,0.017916330735465377,0,0,0,0,0,0,0,0,0,0,0,0,0,0,0,0,0,0
4,D10_ARIK_A1_P2_v2,0,0,0,0,0,0,0,0,0,0.0011344942991661467,0,0,0,0,0,0,0,0,0
4,D14_SRER_C1_P1_v3,0,0,0,0,0,0,0,0,0,0,0,0,7.045974986788796e-4,0,0,0,0,0,0
5,D02_SCBI_C1_P1_v1,0,0.0027231335642550593,0,0,0,0,0,0,0,0,0,0,0,0,0,0,0,0,0
5,D13_WLOU_A1_P1_v1,0.014789836424409147,0,0,0,0,0,0,0,0,0,0,0,0,0,0,0,0,0,0
5,D16_ABBY_R2_P1_v1,0,0,0,0,0,0,0,0,0.0016814635458703255,0,0,0,0,0,0,0,0,0,0
7,D03_DSNY_R1_P1_v1,0,0.0035429225061621543,0,0,0,0,0,0,0,0,0,0,0,0,0,0,0,0,0
7,D05_LIRO_A1_P2_v1,0.04093567251461988,0,0,0,0,0,0,0,0,0,0,0,0,0,0,0,0,0,0
7,D11_BLUE_A2_P1_v1,0,0,0,0,0,0,0,0,0,0,0,0,0,0,0,0,0,6.436698745947179e-4,0
7,D15_REDB_A1_P1_v1,0,0,0,0,0,0,0,0,0.015052792292970347,0,0,0,0,0,0,0,0,0,0
8,D07_GRSM_R1_P1_all_v1,0,0,0,0,0,0,0,0,0,0,0,0,0,0,0,0,0,0.001140406897180914,0
9,D08_TALL_C1_P1_v1,0,0,0,0,0,0,0,0,0.004642980587182278,0,0,0,0,0,0,0,0,0,0
9,D14_SRER_C1_P1_v3,0,0,0,0,0,0,0,0,0.0015853443720274792,0,0,0,0,0,0,0,0,0,0
9,D18_TOOL_C1_P1_v1,0,0,0,0,0,0,0,0,0,0,0,0,0,0,3.8100850410981174e-4,0,0,0,0
10,D07_MLBS_R1_P1_v5,0,0.004279686042231942,0,0,0,0,0,0,0,0,0,0,0,0,0,0,0,0,0
10,D11_PRIN_C1_P2_v2,0,0,0,0,0,0,0,0,0,0,0,0.009401942441308375,0,0,0,0,0,0,0
12,D15_REDB_A1_P1_v1,0,0,0,0,0,0,0,0,0,0,0.025804786787949164,0,0,0,0,0,0,0,0
13,D09_WOOD_DCFS_C1_P1_v2,0,0,0,0,0,0,0,0,0,0.0020614796666745955,0,0,0,0,0,0,0,0,0
13,D13_WLOU_A1_P1_v1,0,0,0,0,0,0,0,0,0.03845357470346378,0,0,0,0,0,0,0,0,0,0
14,D04_CUPE_A1_P1_v1,0.08187134502923976,0,0,0,0,0,0,0,0,0,0,0,0,0,0,0,0,0,0
15,D11_CLBJ_C1_P1_v2,0,0,0,0,0,0,0,0,0.007277667265052642,0,0,0,0,0,0,0,0,0,0
16,D10_ARIK_A1_P2_v2,0,0,0.004537977196664587,0,0,0,0,0,0,0,0,0,0,0,0,0,0,0,0
17,D13_NIWO_C1_P1_v2,0,0,0,0,0,0,0,0,0,0,0,0,0,0.007523122538390052,0,0,0,0,0
21,D10_STER_R1_P1,0,0,0,0,0,0,0,0,0,0,0,0,0,0,0,0,0.010946451004206565,0,0
21,D11_OAES_R1_P1_v2,0.005889182413218691,0,0,0,0,0,0,0,0,0,0,0,0,0,0,0,0,0,0
23,D05_CHEQ_R2_P1_v2,0.024971228801598157,0,0,0,0,0,0,0,0,0,0,0,0,0,0,0,0,0,0
24,D14_SRER_C1_P1_v3,0,0,0.004227584992073278,0,0,0,0,0,0,0,0,0,0,0,0,0,0,0,0
25,D07_ORNL_C1_P1_v8,0,0.007667629720959619,0,0,0,0,0,0,0,0,0,0,0,0,0,0,0,0,0
26,D01_HOPB_C1_P2_v1,0.0657163077545243,0,0,0,0,0,0,0,0,0,0,0,0,0,0,0,0,0,0
29,D01_HOPB_C1_P2_v1,0,0,0,0,0,0,0,0,0.07329895864927712,0,0,0,0,0,0,0,0,0,0
29,D02_BLAN_R2_P1_v1,0,0,0,0,0,0,0,0,0.012512404538982613,0,0,0,0,0,0,0,0,0,0
29,D05_CHEQ_R2_P1_v2,0,0,0,0,0,0,0,0,0,0,0.03148546240201507,0,0,0,0,0,0,0,0
30,D05_LIRO_A1_P2_v1,0,0,0,0,0,0,0,0,0,0,0.17543859649122806,0,0,0,0,0,0,0,0
30,D14_SRER_C1_P1_v3,0,0.005284481240091598,0,0,0,0,0,0,0,0,0,0,0,0,0,0,0,0,0
32,D10_STER_R1_P1,0,0,0,0,0,0,0,0,0,0,0,0.01668030629212429,0,0,0,0,0,0,0
33,D11_PRIN_C1_P2_v2,0.031026410056317635,0,0,0,0,0,0,0,0,0,0,0,0,0,0,0,0,0,0
34,D12_YELL_C1_P1_v2,0,0,0,0,0,0,0,0,0,0,0,0.007489366201371434,0,0,0,0,0,0,0
35,D11_OAES_R1_P1_v2,0,0,0,0,0,0,0,0,0.00981530402203115,0,0,0,0,0,0,0,0,0,0
35,D17_SJER_C1_P1_v2,0,0.020031707331032548,0,0,0,0,0,0,0,0,0,0,0,0,0,0,0,0,0
36,D10_CPER_C1_P1_v1,0,0,0,0,0,0,0,0,0.01855287569573284,0,0,0,0,0,0,0,0,0,0
38,D04_LAJA_R1_P1_v6,0.03423670174426986,0,0,0,0,0,0,0,0,0,0,0,0,0,0,0,0,0,0
39,D05_CHEQ_R2_P1_v2,0,0,0,0,0,0,0,0,0,0,0,0,0.042342518402709924,0,0,0,0,0,0
41,D13_MOAB_R1_P1_v2,0,0,0,0,0,0,0,0,0.022699087607405438,0,0,0,0,0,0,0,0,0,0
43,D02_BLAN_R2_P1_v1,0,0,0,0,0,0,0,0,0,0,0,0,0,0,0,0,0,0.01855287569573284,0
43,D05_LIRO_A1_P2_v1,0,0,0,0,0,0,0,0,0,0.25146198830409355,0,0,0,0,0,0,0,0,0
43,D19_BONA_C1_P1_v1,0,0,0,0,0,0,0,0,0,0,0,0,0,0,0,0.003566188880291333,0,0,0
44,D05_LIRO_A1_P2_v1,0,0,0,0,0,0,0,0,0.2573099415204678,0,0,0,0,0,0,0,0,0,0
46,D03_OSBS_C1_P1_v1,0,0,0,0,0,0,0,0,0,0,0,0.01858743570161509,0,0,0,0,0,0,0
46,D06_MCDI_C1_P2_v1,0,0,0,0,0,0,0,0,0,0,0,0.060090658515238204,0,0,0,0,0,0,0
46,D11_OAES_R1_P1_v2,0,0,0,0,0,0,0,0,0,0,0,0,0,0,0,0,0,0.012900113857526655,0
46,D15_REDB_A1_P1_v1,0,0,0,0,0,0,0,0,0,0,0,0,0,0,0,0,0,0.09891834935380514,0
47,D16_MCRA_A2_P1_v1,0,0,0,0,0,0,0,0,0,0,0.25981205085682696,0,0,0,0,0,0,0,0
50,D07_GRSM_R1_P1_all_v1,0.007127543107380714,0,0,0,0,0,0,0,0,0,0,0,0,0,0,0,0,0,0
51,D15_ONAQ_C1_P1_v2,0,0,0,0,0,0,0,0,0,0,0,0,0,0,0,0,0,0.018049583266974572,0
52,D01_HOPB_C1_P2_v1,0,0,0,0,0,0,0,0,0,0,0,0,0.1314326155090486,0,0,0,0,0,0
54,D09_NOGP_R2_P1_v1,0.022815423226100844,0,0,0,0,0,0,0,0,0,0,0,0,0,0,0,0,0,0
55,D10_ARIK_A1_P2_v2,0,0,0,0,0,0,0,0,0,0,0,0.015599296613534519,0,0,0,0,0,0,0
56,D18_OKSR_A1_P1_v1,0,0,0,0,0,0,0,0,0,0,0,0,0,0,0.007201488650582485,0,0,0,0
57,D17_SJER_C1_P1_v2,0,0,0,0,0,0,0,0,0,0,0,0.032623066224824436,0,0,0,0,0,0,0
58,D05_LIRO_A1_P2_v1,0,0,0,0,0,0,0,0,0,0,0,0,0,0,0,0,0.3391812865497076,0,0
63,D10_STER_R1_P1,0.0328393530126197,0,0,0,0,0,0,0,0,0,0,0,0,0,0,0,0,0,0
64,D10_CPER_C1_P1_v1,0,0,0,0,0,0,0,0,0,0,0,0,0,0,0,0,0,0.03298289012574727,0
66,D03_OSBS_C1_P1_v1,0,0.026668929484925993,0,0,0,0,0,0,0,0,0,0,0,0,0,0,0,0,0
67,D15_ONAQ_C1_P1_v2,0,0,0,0,0,0,0,0,0,0,0,0.023712197625241106,0.023712197625241106,0,0,0,0,0,0
69,D07_GRSM_R1_P1_all_v1,0,0,0,0,0,0,0,0,0,0,0,0,0.009836009488185384,0,0,0,0,0,0
72,D10_RMNP_R2_P1_v1,0,0,0,0,0,0,0,0,0,0,0,0,0.022538244583778098,0,0,0,0,0,0
72,D17_SJER_C1_P1_v2,0,0,0,0,0,0,0,0,0,0,0,0,0.04120808365240981,0,0,0,0,0,0
74,D02_SCBI_C1_P1_v1,0,0,0,0,0,0,0,0,0,0,0,0,0,0,0,0,0,0.04030237675097488,0
79,D07_GRSM_R1_P1_all_v1,0,0,0,0,0,0,0,0,0,0,0.011261518109661528,0,0,0,0,0,0,0,0
80,D12_YELL_C1_P1_v2,0,0,0.017622038120873963,0,0,0,0,0,0,0,0,0,0,0,0,0,0,0,0
85,D02_SERC_R1_P1_v1,0.04629327059233601,0,0,0,0,0,0,0,0,0,0,0,0,0,0,0,0,0,0
85,D10_STER_R1_P1,0,0,0.044307063588455146,0,0,0,0,0,0,0,0,0,0,0,0,0,0,0,0
86,D05_UNDE_C1_P1_v1,0.025329579057739658,0,0,0,0,0,0,0,0,0,0,0,0,0,0,0,0,0,0
89,D13_NIWO_C1_P1_v2,0,0,0,0,0,0,0,0,0,0,0,0.039385759171571444,0,0,0,0,0,0,0
90,D03_DSNY_R1_P1_v1,0.045551860793513414,0,0,0,0,0,0,0,0,0,0,0,0,0,0,0,0,0,0
90,D19_HEAL_R3_P1_v1,0,0,0,0,0,0,0,0,0,0,0.014090460758066789,0,0,0,0,0,0,0,0
92,D14_JORN_R1_P1_v3,0,0,0,0,0,0,0,0,0,0,0,0,0,0,0,0,0,0.019398764804736672,0
93,D05_CHEQ_R2_P1_v2,0,0,0,0,0,0,0,0,0,0.10097062080646213,0,0,0,0,0,0,0,0,0
97,D11_BLUE_A2_P1_v1,0,0,0,0,0,0,0,0,0,0,0,0.008919425405098233,0,0,0,0,0,0,0
99,D15_ONAQ_C1_P1_v2,0.03503742634177417,0,0,0,0,0,0,0,0,0,0,0,0,0,0,0,0,0,0
109,D11_CLBJ_C1_P1_v2,0,0.0528843821260492,0,0,0,0,0,0,0,0,0,0,0,0,0,0,0,0,0
111,D06_UKFS_R1_P1_v2,0.05398963982587126,0,0,0,0,0,0,0,0,0,0,0,0,0,0,0,0,0,0
113,D05_STEI_TREE_R1_P1_v2,0.02529577023381798,0,0,0,0,0,0,0,0,0,0,0,0,0,0,0,0,0,0
118,D15_ONAQ_C1_P1_v2,0,0,0,0,0,0,0,0,0.041761780892215675,0,0,0,0,0,0,0,0,0,0
123,D11_BLUE_A2_P1_v1,0,0,0,0,0,0,0,0,0,0.01131019922502147,0,0,0,0,0,0,0,0,0
128,D11_CLBJ_C1_P1_v2,0.062102760661782545,0,0,0,0,0,0,0,0,0,0,0,0,0,0,0,0,0,0
129,D08_TALL_C1_P1_v1,0,0,0,0,0,0,0,0,0,0,0,0,0,0.06654938841627932,0,0,0,0,0
144,D06_UKFS_R1_P1_v2,0,0,0,0,0,0,0,0,0,0.07004061382815731,0,0,0,0,0,0,0,0,0
145,D08_LENO_R2_P1_v1,0,0.09388273075727753,0,0,0,0,0,0,0,0,0,0,0,0,0,0,0,0,0
146,D06_UKFS_R1_P1_v2,0,0,0,0,0,0,0,0,0,0,0,0,0,0,0,0,0.07101340013132615,0,0
148,D14_SRER_C1_P1_v3,0,0,0,0,0,0,0,0,0,0,0,0,0,0,0,0,0,0.026070107451118547,0
151,D16_WREF_C1_P1_v2,0.03334820383482259,0,0,0,0,0,0,0,0,0,0,0,0,0,0,0,0,0,0
153,D03_JERC_R2_P1_v1,0.03611898016997167,0,0,0,0,0,0,0,0,0,0,0,0,0,0,0,0,0,0
153,D07_MLBS_R1_P1_v5,0,0,0,0,0,0,0,0,0.0654791964461487,0,0,0,0,0,0,0,0,0,0
157,D05_UNDE_C1_P1_v1,0,0,0,0,0,0,0,0,0,0,0,0,0,0,0,0,0.04624120827982705,0,0
157,D07_ORNL_C1_P1_v8,0,0,0,0,0,0,0,0,0.04815271464762641,0,0,0,0,0,0,0,0,0,0
158,D13_WLOU_A1_P1_v1,0,0,0,0,0,0,0,0,0,0,0,0,0,0,0,0,0,0.467358831011329,0
160,D11_PRIN_C1_P2_v2,0,0,0,0,0,0,0,0,0,0,0,0,0.150431079060934,0,0,0,0,0,0
170,D02_BLAN_R2_P1_v1,0,0,0,0,0,0,0,0,0,0,0,0,0,0,0,0,0.07334857833196703,0,0
176,D09_WOOD_DCFS_C1_P1_v2,0.027909263179594523,0,0,0,0,0,0,0,0,0,0,0,0,0,0,0,0,0,0
179,D02_SCBI_C1_P1_v1,0,0,0,0,0,0,0,0,0,0,0,0,0.09748818160033113,0,0,0,0,0,0
179,D15_REDB_A1_P1_v1,0,0,0,0,0,0,0,0,0,0,0,0.3849214029202417,0,0,0,0,0,0,0
183,D05_CHEQ_R2_P1_v2,0,0,0,0,0,0,0,0,0,0,0,0,0,0,0,0,0.19868412481271577,0,0
183,D07_MLBS_R1_P1_v5,0,0,0,0,0,0,0,0,0,0,0,0,0.07831825457284454,0,0,0,0,0,0
187,D11_BLUE_A2_P1_v1,0,0,0,0,0,0,0,0,0.017195180935601746,0,0,0,0,0,0,0,0,0,0
196,D10_CPER_C1_P1_v1,0,0.10101010101010101,0,0,0,0,0,0,0,0,0,0,0,0,0,0,0,0,0
197,D01_HOPB_C1_P2_v1,0,0,0,0,0,0,0,0,0,0,0.4979274087554342,0,0,0,0,0,0,0,0
197,D13_MOAB_R1_P1_v2,0.1090663477721676,0,0,0,0,0,0,0,0,0,0,0,0,0,0,0,0,0,0
201,D16_WREF_C1_P1_v2,0,0,0,0,0,0,0,0,0,0,0,0,0,0.04439065543575722,0,0,0,0,0
204,D04_LAJA_R1_P1_v6,0,0,0,0,0,0,0,0,0,0,0,0,0.1837970304166066,0,0,0,0,0,0
204,D07_MLBS_R1_P1_v5,0,0,0,0,0,0,0,0,0,0,0,0,0,0,0,0,0,0.08730559526153162,0
208,D11_OAES_R1_P1_v2,0,0,0,0,0,0,0,0,0,0.058330949616642265,0,0,0,0,0,0,0,0,0
208,D17_TEAK_R2_P1_v3,0,0,0.06539214854078049,0,0,0,0,0,0,0,0,0,0,0,0,0,0,0,0
212,D01_BART_R1_P1_v1,0,0.0984695417914954,0,0,0,0,0,0,0,0,0,0,0,0,0,0,0,0,0
214,D04_GUIL_A2_P1_v1,0,0,0,0,0,0,0,0,0,0,0,0,0,0,0,0,0.9585236943473976,0,0
220,D16_ABBY_R2_P1_v1,0.07398439601829433,0,0,0,0,0,0,0,0,0,0,0,0,0,0,0,0,0,0
225,D06_KONZ_KONA_C1_P1_v2,0.07208350152817022,0,0,0,0,0,0,0,0,0,0,0,0,0,0,0,0,0,0
228,D02_SCBI_C1_P1_v1,0,0,0,0,0,0,0,0,0,0,0,0,0,0,0,0,0.12417489053003071,0,0
228,D03_DSNY_R1_P1_v1,0,0,0.11539804734356732,0,0,0,0,0,0,0,0,0,0,0,0,0,0,0,0
228,D19_HEAL_R3_P1_v1,0,0,0,0,0,0,0,0,0,0,0,0,0,0,0,0,0,0.03569583392043586,0
237,D19_HEAL_R3_P1_v1,0.03710487999624254,0,0,0,0,0,0,0,0,0,0,0,0,0,0,0,0,0,0
239,D01_HOPB_C1_P2_v1,0,0,0,0,0,0,0,0,0,0,0,0,0,0,0,0,0.6040845212819735,0,0
241,D13_MOAB_R1_P1_v2,0,0,0,0,0,0,0,0,0,0,0,0,0,0.13342634422889538,0,0,0,0,0
252,D12_YELL_C1_P1_v2,0.05550942008075299,0,0,0,0,0,0,0,0,0,0,0,0,0,0,0,0,0,0
270,D06_MCDI_C1_P2_v1,0,0,0,0,0,0,0,0,0,0,0,0,0.35270603911118076,0,0,0,0,0,0
274,D06_KONZ_KONA_C1_P1_v2,0,0,0,0,0,0,0,0,0,0,0,0,0,0,0,0,0.08778168630541619,0,0
281,D04_CUPE_A1_P1_v1,0,0,0,0,0,0,0,0,0,0,0,0,0,0,0,0,1.6432748538011694,0,0
286,D09_NOGP_R2_P1_v1,0,0,0,0,0,0,0,0,0,0,0,0,0,0,0,0,0.12083724153083039,0,0
286,D17_TEAK_R2_P1_v3,0,0,0,0,0,0,0,0,0,0,0,0,0,0,0,0,0,0.08991420424357319,0
299,D11_PRIN_C1_P2_v2,0,0.28111807899512037,0,0,0,0,0,0,0,0,0,0,0,0,0,0,0,0,0
325,D01_BART_R1_P1_v1,0.1509556654822453,0,0,0,0,0,0,0,0,0,0,0,0,0,0,0,0,0,0
329,D10_RMNP_R2_P1_v1,0,0,0,0,0,0,0,0,0,0,0,0.10298725650087492,0,0,0,0,0,0,0
334,D07_MLBS_R1_P1_v5,0.14294151381054684,0,0,0,0,0,0,0,0,0,0,0,0,0,0,0,0,0,0
336,D06_MCDI_C1_P2_v1,0,0,0,0,0,0,0,0,0,0,0,0,0,0,0,0,0.43892307089391386,0,0
345,D01_HARV_C1_P1_v1,0,0.060848921827654695,0,0,0,0,0,0,0,0,0,0,0,0,0,0,0,0,0
356,D06_KONZ_KONA_C1_P1_v2,0,0,0,0,0,0,0,0,0.11405211797346046,0,0,0,0,0,0,0,0,0,0
364,D16_WREF_C1_P1_v2,0,0,0,0,0,0,0,0,0.08038904765480413,0,0,0,0,0,0,0,0,0,0
374,D02_SERC_R1_P1_v1,0,0,0,0,0,0,0,0,0,0,0.20369039060627847,0,0,0,0,0,0,0,0
379,D11_OAES_R1_P1_v2,0,0,0.10628572069570875,0,0,0,0,0,0,0,0,0,0,0,0,0,0,0,0
382,D13_MOAB_R1_P1_v2,0,0.2114890601470458,0,0,0,0,0,0,0,0,0,0,0,0,0,0,0,0,0
388,D01_BART_R1_P1_v1,0,0,0,0,0,0,0,0,0,0,0,0,0,0.18021784063726515,0,0,0,0,0
390,D01_BART_R1_P1_v1,0,0,0,0,0,0,0,0,0.18114679857869437,0,0,0,0,0,0,0,0,0,0
400,D05_STEI_TREE_R1_P1_v2,0,0,0,0,0,0,0,0,0,0,0,0,0,0.08954254950024065,0,0,0,0,0
431,D17_TEAK_R2_P1_v3,0,0,0,0,0,0,0,0,0,0,0,0.13550007702440575,0,0,0,0,0,0,0
432,D19_DEJU_R1_P1_v2,0,0,0,0,0,0,0,0,0.040924631417801643,0,0,0,0,0,0,0,0,0,0
444,D06_UKFS_R1_P1_v2,0,0,0,0,0,0,0,0,0.21595855930348504,0,0,0,0,0,0,0,0,0,0
448,D14_JORN_R1_P1_v3,0.09446355035350032,0,0,0,0,0,0,0,0,0,0,0,0,0,0,0,0,0,0
463,D01_BART_R1_P1_v1,0,0,0,0,0,0,0,0,0,0,0,0,0.21505376344086022,0,0,0,0,0,0
469,D17_SOAP_R1_P1_v2,0,0,0,0,0,0,0,0,0,0,0,0.26842487823583616,0,0,0,0,0,0,0
477,D16_WREF_C1_P1_v2,0,0.1053449882729164,0,0,0,0,0,0,0,0,0,0,0,0,0,0,0,0,0
480,D13_MOAB_R1_P1_v2,0,0,0,0,0,0,0,0,0,0,0,0,0,0,0,0,0,0.26574541589157585,0
490,D02_SERC_R1_P1_v1,0,0,0,0,0,0,0,0,0,0.2668670892969959,0,0,0,0,0,0,0,0,0
497,D19_HEAL_R3_P1_v1,0,0,0,0,0,0,0,0,0,0,0,0,0,0,0,0.07781065551954659,0,0,0
522,D08_LENO_R2_P1_v1,0.3379778307261991,0,0,0,0,0,0,0,0,0,0,0,0,0,0,0,0,0,0
551,D17_SOAP_R1_P1_v2,0,0,0.31535630683996957,0,0,0,0,0,0,0,0,0,0,0,0,0,0,0,0
552,D07_GRSM_R1_P1_all_v1,0,0,0,0,0,0,0,0,0,0,0,0,0,0.07868807590548307,0,0,0,0,0
552,D10_RMNP_R2_P1_v1,0.1727932084756321,0,0,0,0,0,0,0,0,0,0,0,0,0,0,0,0,0,0
558,D16_WREF_C1_P1_v2,0,0,0,0,0,0,0,0,0,0,0,0,0.1232337598664305,0,0,0,0,0,0
563,D04_CUPE_A1_P1_v1,0,0,0,0,0,0,0,0,0,0,3.2923976608187133,0,0,0,0,0,0,0,0
565,D08_DELA_R1_P1_v1,0,0,0,0,0,0,0,0,0,0,0,0,0,0,0,0,0.33342185240919414,0,0
588,D17_SJER_C1_P1_v2,0,0,0.3365326831613468,0,0,0,0,0,0,0,0,0,0,0,0,0,0,0,0
597,D14_SRER_C1_P1_v3,0.10516117667782279,0,0,0,0,0,0,0,0,0,0,0,0,0,0,0,0,0,0
615,D09_WOOD_DCFS_C1_P1_v2,0,0,0,0,0,0,0,0,0,0,0,0,0,0,0,0,0,0.09752384576960586,0
657,D09_WOOD_DCFS_C1_P1_v2,0,0,0,0,0,0,0,0,0,0,0,0,0,0,0,0,0.10418401084655456,0,0
682,D19_BONA_C1_P1_v1,0,0,0,0,0,0,0,0.056561414333923,0,0,0,0,0,0,0,0,0,0,0
696,D08_TALL_C1_P1_v1,0,0,0,0,0,0,0,0,0,0,0,0,0.35905716540876287,0,0,0,0,0,0
713,D06_KONZ_KONA_C1_P1_v2,0,0,0,0,0,0,0,0,0,0,0,0.22842460706482387,0,0,0,0,0,0,0
717,D13_WLOU_A1_P1_v1,0,0,0,0,0,0,0,0,0,0,2.1208625432602717,0,0,0,0,0,0,0,0
724,D07_ORNL_C1_P1_v8,0.22205455671899058,0,0,0,0,0,0,0,0,0,0,0,0,0,0,0,0,0,0
748,D03_DSNY_R1_P1_v1,0,0,0,0,0,0,0,0,0,0,0.37858657637275595,0,0,0,0,0,0,0,0
751,D13_NIWO_C1_P1_v2,0,0,0,0,0,0,0,0,0.33234500154887814,0,0,0,0,0,0,0,0,0,0
772,D16_ABBY_R2_P1_v1,0,0,0,0,0,0,0,0,0,0,0,0,0,0.25961797148237825,0,0,0,0,0
776,D14_SRER_C1_P1_v3,0,0,0,0,0,0,0,0,0,0,0,0.13669191474370265,0,0,0,0,0,0,0
796,D10_ARIK_A1_P2_v2,0,0,0,0,0,0,0,0,0,0,0,0,0,0,0,0,0.22576436553406318,0,0
798,D02_BLAN_R2_P1_v1,0,0,0,0,0,0,0,0,0,0,0.3443068559347629,0,0,0,0,0,0,0,0
828,D11_PRIN_C1_P2_v2,0,0,0,0,0,0,0,0,0,0,0,0,0,0,0,0,0.7784808341403334,0,0
845,D01_HOPB_C1_P2_v1,0,0,0,0,0,0,0,0,0,0,0,0,0,0,0,0,0,2.1357800020220403,0
847,D11_CLBJ_C1_P1_v2,0,0,0,0,0,0,0,0,0,0.41094561156663917,0,0,0,0,0,0,0,0,0
910,D15_ONAQ_C1_P1_v2,0,0,0.322061191626409,0,0,0,0,0,0,0,0,0,0,0,0,0,0,0,0
913,D10_STER_R1_P1,0,0,0,0,0,0,0,0,0,0,0,0,0,0.4759099888971712,0,0,0,0,0
931,D16_MCRA_A2_P1_v1,0,0,0,0,0,0,0,0,0,0,0,0,0,0,0,0,5.146489773355444,0,0
960,D01_HARV_C1_P1_v1,0.16931873899869132,0,0,0,0,0,0,0,0,0,0,0,0,0,0,0,0,0,0
967,D17_SOAP_R1_P1_v2,0,0,0,0,0,0,0,0,0,0,0.5534474568316707,0,0,0,0,0,0,0,0
1001,D02_SCBI_C1_P1_v1,0,0,0,0,0,0,0,0,0,0.5451713395638629,0,0,0,0,0,0,0,0,0
1102,D02_SCBI_C1_P1_v1,0,0,0,0,0,0,0,0,0,0,0.6001786375618151,0,0,0,0,0,0,0,0
1110,D19_BONA_C1_P1_v1,0,0,0,0,0,0,0,0,0,0,0,0,0.09205743388659023,0,0,0,0,0,0
1127,D04_GUAN_C1_P1_v1,0.8065843621399177,0,0,0,0,0,0,0,0,0,0,0,0,0,0,0,0,0,0
1149,D11_CLBJ_C1_P1_v2,0,0,0,0,0,0,0,0,0,0,0,0.5574693125030323,0,0,0,0,0,0,0
1151,D17_TEAK_R2_P1_v3,0,0,0,0,0,0,0,0,0.3618575142809536,0,0,0,0,0,0,0,0,0,0
1153,D09_NOGP_R2_P1_v1,0,0,0,0,0,0,0,0,0.487151536661005,0,0,0,0,0,0,0,0,0,0
1186,D06_KONZ_KONA_C1_P1_v2,0,0,0,0,0,0,0,0,0,0.37996014583293286,0,0,0,0,0,0,0,0,0
1257,D05_UNDE_C1_P1_v1,0,0,0,0,0,0,0,0,0,0,0.3702241962276599,0,0,0,0,0,0,0,0
1282,D11_OAES_R1_P1_v2,0,0,0,0,0,0,0,0,0,0,0,0,0,0.35952056446411246,0,0,0,0,0
1283,D01_HOPB_C1_P2_v1,0,0,0,0,0,0,0,0,0,0,0,0,0,3.2428470326559498,0,0,0,0,0
1293,D01_BART_R1_P1_v1,0,0,0,0,0,0,0,0,0,0,0.6005713091339789,0,0,0,0,0,0,0,0
1375,D10_RMNP_R2_P1_v1,0,0,0,0,0,0,0,0,0,0,0,0,0,0.43041786531520676,0,0,0,0,0
1434,D06_UKFS_R1_P1_v2,0,0,0,0,0,0,0,0,0,0,0,0,0,0,0,0,0,0.6974877793720665,0
1434,D19_DEJU_R1_P1_v2,0,0,0,0,0,0,0,0,0,0,0.13584704040075823,0,0,0,0,0,0,0,0
1507,D07_MLBS_R1_P1_v5,0,0,0,0,0,0,0,0,0,0,0.6449486865643537,0,0,0,0,0,0,0,0
1524,D11_CLBJ_C1_P1_v2,0,0,0,0,0,0,0,0,0,0,0,0,0.7394109941293484,0,0,0,0,0,0
1527,D02_SERC_R1_P1_v1,0,0,0,0,0,0,0,0,0.8316449905234952,0,0,0,0,0,0,0,0,0,0
1594,D04_GUAN_C1_P1_v1,0,0,0,0,0,0,0,0,1.1408123098944356,0,0,0,0,0,0,0,0,0,0
1600,D01_BART_R1_P1_v1,0,0,0,0,0,0,0,0,0,0,0,0,0,0,0,0,0,0.7431663531433614,0
1603,D04_GUAN_C1_P1_v1,0,0,0,0,0,0,0,0,0,0,0,0,0,0,0,0,0,1.1472535337269636,0
1606,D19_DEJU_R1_P1_v2,0,0,0,0,0,0,0,0,0,0,0,0,0,0,0,0.1521411066134015,0,0,0
1650,D10_RMNP_R2_P1_v1,0,0,0,0,0,0,0,0,0.516501438378248,0,0,0,0,0,0,0,0,0,0
1655,D15_ONAQ_C1_P1_v2,0,0.5857266726831944,0,0,0,0,0,0,0,0,0,0,0,0,0,0,0,0,0
1701,D05_CHEQ_R2_P1_v2,0,0,0,0,0,0,0,0,1.8467852257181943,0,0,0,0,0,0,0,0,0,0
1728,D12_YELL_C1_P1_v2,0,0,0,0,0,0,0,0,0,0,0,0,0.38063602341087766,0,0,0,0,0,0
1784,D19_BONA_C1_P1_v1,0.1479553712195288,0,0,0,0,0,0,0,0,0,0,0,0,0,0,0,0,0,0
1823,D08_DELA_R1_P1_v1,0,0,1.0758018352955063,0,0,0,0,0,0,0,0,0,0,0,0,0,0,0,0
1887,D03_OSBS_C1_P1_v1,0.7624889384553841,0,0,0,0,0,0,0,0,0,0,0,0,0,0,0,0,0,0
1924,D07_ORNL_C1_P1_v8,0,0,0,0,0,0,0,0,0,0,0,0,0,0,0,0,0.5901007833250523,0,0
1955,D02_SERC_R1_P1_v1,0,0,0,0,0,0,0,0,0,0,0,0,0,0,0,0,1.0647452236237283,0,0
1991,D08_LENO_R2_P1_v1,0,0,0,0,0,0,0,0,1.2891070133637212,0,0,0,0,0,0,0,0,0,0
2030,D08_DELA_R1_P1_v1,0,0,0,0,0,0,0,0,0,0,1.1979581599834765,0,0,0,0,0,0,0,0
2081,D13_WLOU_A1_P1_v1,0,0,0,0,0,0,0,0,0,0,0,0,0,0,0,0,6.155529919839086,0,0
2087,D03_JERC_R2_P1_v1,0,0,0,0,0,0,0,0,0,0,0,0,0,0.49268177525967893,0,0,0,0,0
2108,D05_LIRO_A1_P2_v1,0,0,0,0,0,0,0,0,0,0,0,0,12.32748538011696,0,0,0,0,0,0
2136,D06_UKFS_R1_P1_v2,0,0,0,0,0,0,0,0,0,0,1.0389357717843333,0,0,0,0,0,0,0,0
2200,D03_JERC_R2_P1_v1,0,0,0,0,0,0,0,0,0.5193578847969783,0,0,0,0,0,0,0,0,0,0
2274,D08_DELA_R1_P1_v1,1.3419491900504559,0,0,0,0,0,0,0,0,0,0,0,0,0,0,0,0,0,0
2323,D03_DSNY_R1_P1_v1,0,0,0,0,0,0,0,0,0,0,0,1.1757441402592408,0,0,0,0,0,0,0
2346,D06_MCDI_C1_P2_v1,0,0,3.0646235842771485,0,0,0,0,0,0,0,0,0,0,0,0,0,0,0,0
2389,D16_WREF_C1_P1_v2,0,0,0,0,0,0,0,0,0,0,0.5276083374926568,0,0,0,0,0,0,0,0
2469,D04_GUIL_A2_P1_v1,0,0,0,0,0,0,0,0,0,0,11.058855146466003,0,0,0,0,0,0,0,0
2471,D16_ABBY_R2_P1_v1,0,0,0.8309792843691148,0,0,0,0,0,0,0,0,0,0,0,0,0,0,0,0
2483,D03_OSBS_C1_P1_v1,0,0,1.003317453198049,0,0,0,0,0,0,0,0,0,0,0,0,0,0,0,0
2547,D06_UKFS_R1_P1_v2,0,0,0,0,0,0,0,0,0,0,0,1.2388433570855322,0,0,0,0,0,0,0
2613,D17_TEAK_R2_P1_v3,0.821488866043555,0,0,0,0,0,0,0,0,0,0,0,0,0,0,0,0,0,0
2684,D02_BLAN_R2_P1_v1,0,0,0,0,0,0,0,0,0,1.158044613194115,0,0,0,0,0,0,0,0,0
2753,D09_NOGP_R2_P1_v1,0,0,0,0,0,0,0,0,0,0,0,0,1.1631640766936227,0,0,0,0,0,0
2762,D08_LENO_R2_P1_v1,0,0,0,0,0,0,0,0,0,0,0,0,0,1.7883041541489693,0,0,0,0,0
2777,D11_OAES_R1_P1_v2,0,0,0,0,0,0,0,0,0,0,0,0,0.7787742648337288,0,0,0,0,0,0
2799,D19_HEAL_R3_P1_v1,0,0,0.43821332957587716,0,0,0,0,0,0,0,0,0,0,0,0,0,0,0,0
2846,D12_YELL_C1_P1_v2,0,0,0,0,0,0,0,0,0,0,0,0,0,0,0,0,0,0.6269040061500913,0
2922,D06_UKFS_R1_P1_v2,0,0,0,0,0,0,0,0,0,0,0,0,1.4212407889296919,0,0,0,0,0,0
2924,D13_NIWO_C1_P1_v2,0,0,0,0,0,0,0,0,0,0,0,0,0,0,1.293977076603089,0,0,0,0
2958,D19_DEJU_R1_P1_v2,0,0,0,0,0,0,0,0.2802200456802252,0,0,0,0,0,0,0,0,0,0,0
3101,D01_BART_R1_P1_v1,0,0,0,0,0,0,0,0,0,0,0,0,0,0,0,0,1.4403492881859774,0,0
3150,D08_LENO_R2_P1_v1,0,0,2.0395213923132705,0,0,0,0,0,0,0,0,0,0,0,0,0,0,0,0
3169,D09_NOGP_R2_P1_v1,0,0,1.338927337102103,0,0,0,0,0,0,0,0,0,0,0,0,0,0,0,0
3190,D11_CLBJ_C1_P1_v2,0,0,0,0,0,0,0,0,0,0,0,0,0,0,0,0,1.5477172383678617,0,0
3347,D19_HEAL_R3_P1_v1,0,0,0,0,0,0,0,0,0,0,0,0,0.5240085795249949,0,0,0,0,0,0
3475,D07_GRSM_R1_P1_all_v1,0,0,0,0,0,0,0,0,0,0,0,0,0,0,0,0,0.4953642459629596,0,0
3490,D13_NIWO_C1_P1_v2,0,0,0,0,0,0,0,0,0,0,0,0,1.544452803469487,0,0,0,0,0,0
3533,D17_TEAK_R2_P1_v3,0,0,0,0,0,0,0,0,0,0,1.1107233692046994,0,0,0,0,0,0,0,0
3538,D10_ARIK_A1_P2_v2,0,0,0,0,0,0,0,0,0,0,0,0,0,0,0,0,0,1.0034602076124566,0
3555,D02_BLAN_R2_P1_v1,0,0,0,0,0,0,0,0,0,0,0,0,1.5338482115890755,0,0,0,0,0,0
3641,D05_LIRO_A1_P2_v1,0,0,21.29239766081871,0,0,0,0,0,0,0,0,0,0,0,0,0,0,0,0
3661,D01_HOPB_C1_P2_v1,0,0,0,0,0,0,0,0,0,9.253361641896674,0,0,0,0,0,0,0,0,0
3806,D17_TEAK_R2_P1_v3,0,0,0,0,0,0,0,0,0,0,0,0,1.1965505641644738,0,0,0,0,0,0
3830,D16_WREF_C1_P1_v2,0,0,0,0,0,0,0,0,0,0,0,0.8458517926315929,0,0,0,0,0,0,0
3912,D03_JERC_R2_P1_v1,0,0,0,0,0,0,0,0,0,0,0,0,0.9235127478753541,0,0,0,0,0,0
3940,D05_LIRO_A1_P2_v1,0,0,0,0,0,0,0,0,0,0,0,0,0,0,0,0,0,23.04093567251462,0
3969,D11_BLUE_A2_P1_v1,0.364960818895205,0,0,0,0,0,0,0,0,0,0,0,0,0,0,0,0,0,0
3971,D04_GUAN_C1_P1_v1,0,0,0,0,0,0,0,0,0,0,0,0,0,0,0,0,2.8420110932188227,0,0
4153,D06_KONZ_KONA_C1_P1_v2,0,0,0,0,0,0,0,0,0,0,0,0,0,0,0,0,0,1.3305012526510709,0
4159,D11_BLUE_A2_P1_v1,0,0.3824318583484902,0,0,0,0,0,0,0,0,0,0,0,0,0,0,0,0,0
4200,D10_RMNP_R2_P1_v1,0,0,0,0,0,0,0,0,0,0,1.3147309340537225,0,0,0,0,0,0,0,0
4226,D13_NIWO_C1_P1_v2,0,0,1.8701597557197858,0,0,0,0,0,0,0,0,0,0,0,0,0,0,0,0
4233,D16_WREF_C1_P1_v2,0,0,0,0,0,0,0,0,0,0,0,0,0,0,0,0,0,0.934853952535126,0
4446,D03_DSNY_R1_P1_v1,0,0,0,0,0,0,0,0,0,2.2502619231995626,0,0,0,0,0,0,0,0,0
4507,D01_HARV_C1_P1_v1,0,0,0,0,0,0,0,0,0,0,0,0,0,0,0,0,0.7949162048615643,0,0
4544,D16_WREF_C1_P1_v2,0,0,1.0035380014929394,0,0,0,0,0,0,0,0,0,0,0,0,0,0,0,0
4623,D07_ORNL_C1_P1_v8,0,0,0,0,0,0,0,0,0,0,1.4178980879998528,0,0,0,0,0,0,0,0
4644,D03_JERC_R2_P1_v1,0,0,0,0,0,0,0,0,0,0,0,0,0,0,0,0,1.0963172804532577,0,0
4676,D01_HARV_C1_P1_v1,0,0,0,0,0,0,0,0,0.8247233578727923,0,0,0,0,0,0,0,0,0,0
4703,D15_ONAQ_C1_P1_v2,0,0,0,0,0,0,0,0,0,0,0,0,0,1.6644547079329688,0,0,0,0,0
4716,D13_NIWO_C1_P1_v2,0,0,0,0,0,0,0,0,0,0,0,0,0,0,0,0,0,2.0870026994733815,0
4740,D09_WOOD_DCFS_C1_P1_v2,0,0,0.7516472015413526,0,0,0,0,0,0,0,0,0,0,0,0,0,0,0,0
4948,D05_UNDE_C1_P1_v1,0,0,0,0,0,0,0,0,1.4573343857871608,0,0,0,0,0,0,0,0,0,0
4996,D05_UNDE_C1_P1_v1,0,0,0,0,0,0,0,0,0,1.4714718252612482,0,0,0,0,0,0,0,0,0
5176,D04_LAJA_R1_P1_v6,0,0,0,0,0,0,0,0,0,0,0,0,0,4.663399163903705,0,0,0,0,0
5345,D08_TALL_C1_P1_v1,0,0,0,0,0,0,0,0,0,0,0,0,0,0,0,0,0,2.757414582054364,0
5424,D04_LAJA_R1_P1_v6,0,0,0,0,0,0,0,0,0,0,0,0,0,0,0,0,4.886838691076834,0,0
5429,D12_YELL_C1_P1_v2,0,0,0,0,0,0,0,0,1.1958755619778094,0,0,0,0,0,0,0,0,0,0
5491,D09_NOGP_R2_P1_v1,0,0,0,0,0,0,0,0,0,0,0,0,0,2.3199905358244397,0,0,0,0,0
5497,D19_BONA_C1_P1_v1,0,0,0,0,0,0,0,0,0,0,0.4558916343014292,0,0,0,0,0,0,0,0
5500,D06_MCDI_C1_P2_v1,0,0,0,0,0,0,0,0,0,0,0,0,0,7.18475264856109,0,0,0,0,0
5541,D18_TOOL_C1_P1_v1,0,0,0,0,0,0,0,0,0.23457423569694077,0,0,0,0,0,0,0,0,0,0
5738,D03_OSBS_C1_P1_v1,0,0,0,0,0,0,0,0,0,0,2.3185805664318995,0,0,0,0,0,0,0,0
5885,D10_RMNP_R2_P1_v1,0,0,0,0,0,0,0,0,0,0,0,0,0,0,0,0,0,1.8421884635490846,0
6017,D11_PRIN_C1_P2_v2,0,0,0,0,0,0,0,0,0,0,0,0,0,5.657148766935249,0,0,0,0,0
6045,D11_BLUE_A2_P1_v1,0,0,0,0,0,0,0,0,0,0,0,0,0.5558549131321527,0,0,0,0,0,0
6083,D08_TALL_C1_P1_v1,0,0,0,0,0,0,0,0,0,0,3.138138990203311,0,0,0,0,0,0,0,0
6104,D07_MLBS_R1_P1_v5,0,0,0,0,0,0,0,0,0,2.6123203601783773,0,0,0,0,0,0,0,0,0
6201,D18_OKSR_A1_P1_v1,0,0,0,0,0,0,0,0,0.7974362700403926,0,0,0,0,0,0,0,0,0,0
6307,D11_OAES_R1_P1_v2,0,0,0,0,0,0,0,0,0,0,0,1.7687177847700135,0,0,0,0,0,0,0
6347,D10_RMNP_R2_P1_v1,0,0,1.9868088662949943,0,0,0,0,0,0,0,0,0,0,0,0,0,0,0,0
6349,D06_KONZ_KONA_C1_P1_v2,0,0,0,0,0,0,0,0,0,0,0,0,2.034036227566012,0,0,0,0,0,0
6405,D08_DELA_R1_P1_v1,0,0,0,0,0,0,0,0,0,0,0,3.77976453925821,0,0,0,0,0,0,0
6408,D19_DEJU_R1_P1_v2,0,0,0,0,0,0,0,0,0,0,0,0,0.6070486993640578,0,0,0,0,0,0
6436,D05_LIRO_A1_P2_v1,0,0,0,0,0,0,0,0,0,0,0,37.6374269005848,0,0,0,0,0,0,0
6447,D07_ORNL_C1_P1_v8,0,0,0,0,0,0,0,0,0,0,0,0,0,0,0,0,0,1.9773283524410667,0
6528,D08_DELA_R1_P1_v1,0,3.852350181464106,0,0,0,0,0,0,0,0,0,0,0,0,0,0,0,0,0
6541,D10_ARIK_A1_P2_v2,0,0,0,0,0,0,0,0,1.8551818027114413,0,0,0,0,0,0,0,0,0,0
6755,D08_LENO_R2_P1_v1,0,0,0,0,0,0,0,0,0,0,0,0,4.373640319071791,0,0,0,0,0,0
6873,D12_YELL_C1_P1_v2,0,0,0,0,0,0,0,0,0,0,1.5139533500595845,0,0,0,0,0,0,0,0
6893,D08_LENO_R2_P1_v1,0,0,0,0,0,0,0,0,0,0,0,0,0,0,0,0,4.462990780068372,0,0
6903,D16_ABBY_R2_P1_v1,0,0,0,0,0,0,0,0,0,0,0,0,0,0,0,0,0,2.3214285714285716,0
7072,D03_DSNY_R1_P1_v1,0,0,0,0,0,0,0,0,3.579363994796965,0,0,0,0,0,0,0,0,0,0
7140,D05_STEI_TREE_R1_P1_v2,0,0,0,0,0,0,0,0,0,0,1.5983345085792955,0,0,0,0,0,0,0,0
7212,D09_NOGP_R2_P1_v1,0,0,0,0,0,0,0,0,0,0,0,0,0,0,0,0,0,3.047126524197024,0
7396,D10_CPER_C1_P1_v1,0,0,0,0,0,0,0,0,0,0,0,0,0,0,0,0,3.8115852401566688,0,0
7668,D03_JERC_R2_P1_v1,0,0,0,0,0,0,0,0,0,0,1.810198300283286,0,0,0,0,0,0,0,0
7717,D03_DSNY_R1_P1_v1,0,0,0,0,0,0,0,0,0,0,0,0,0,0,0,0,3.9058189971504778,0,0
7779,D06_MCDI_C1_P2_v1,0,10.16185288239213,0,0,0,0,0,0,0,0,0,0,0,0,0,0,0,0,0
8137,D01_HARV_C1_P1_v1,0,0,0,0,0,0,0,0,0,0,1.4351526867003659,0,0,0,0,0,0,0,0
8215,D15_REDB_A1_P1_v1,0,0,0,0,0,0,0,0,0,0,0,0,0,0,0,0,17.6655269552502,0,0
8298,D10_ARIK_A1_P2_v2,0,0,0,0,0,0,0,0,0,0,0,0,0,2.353508423620171,0,0,0,0,0
8366,D08_DELA_R1_P1_v1,0,0,0,0,0,0,0,0,4.937003924345697,0,0,0,0,0,0,0,0,0,0
8438,D05_STEI_TREE_R1_P1_v2,0,0,0,0,0,0,0,0,0,0,0,0,0,0,0,0,1.8889000817075765,0,0
8463,D03_JERC_R2_P1_v1,0,0,1.9978753541076488,0,0,0,0,0,0,0,0,0,0,0,0,0,0,0,0
8490,D11_BLUE_A2_P1_v1,0,0,0,0,0,0,0,0,0,0,0,0,0,0,0,0,0.780679605044165,0,0
8536,D05_CHEQ_R2_P1_v2,0,0,0,0,0,0,0,0,0,0,0,9.267583002193124,0,0,0,0,0,0,0
8616,D03_DSNY_R1_P1_v1,0,0,0,0,0,0,0,0,0,0,0,0,4.360831473299018,0,0,0,0,0,0
8632,D08_TALL_C1_P1_v1,0,0,0,0,0,0,0,0,0,0,0,0,0,0,0,0,4.453134269839714,0,0
9189,D15_REDB_A1_P1_v1,0,0,0,0,0,0,0,0,0,19.760015482872074,0,0,0,0,0,0,0,0,0
9194,D08_DELA_R1_P1_v1,0,0,0,0,0,0,0,0,0,5.425629223097578,0,0,0,0,0,0,0,0,0
9419,D06_KONZ_KONA_C1_P1_v2,0,0,0,0,0,0,0,0,0,0,0,0,0,3.017575559528157,0,0,0,0,0
9804,D02_SERC_R1_P1_v1,0,0,0,0,0,0,0,0,0,0,0,5.33952029279132,0,0,0,0,0,0,0
9964,D07_ORNL_C1_P1_v8,0,0,0,0,0,0,0,0,0,3.0560105015856656,0,0,0,0,0,0,0,0,0
10262,D07_MLBS_R1_P1_v5,0,0,0,0,0,0,0,0,0,0,0,0,0,0,0,0,4.391813816538419,0,0
10724,D04_GUAN_C1_P1_v1,0,0,0,0,0,0,0,0,0,0,7.6750760422258,0,0,0,0,0,0,0,0
11308,D11_CLBJ_C1_P1_v2,0,0,0,0,0,0,0,0,0,0,0,0,0,5.486390762214351,0,0,0,0,0
11414,D08_LENO_R2_P1_v1,0,0,0,0,0,0,0,0,0,0,7.3901895783694185,0,0,0,0,0,0,0,0
11587,D03_OSBS_C1_P1_v1,0,0,0,0,0,0,0,0,0,0,0,0,4.682013423361174,0,0,0,0,0,0
11900,D13_NIWO_C1_P1_v2,5.266185776873036,0,0,0,0,0,0,0,0,0,0,0,0,0,0,0,0,0,0
12348,D05_STEI_TREE_R1_P1_v2,0,0,0,0,0,0,0,0,0,2.7641785030724284,0,0,0,0,0,0,0,0,0
12452,D01_HOPB_C1_P2_v1,0,0,31.473056313820646,0,0,0,0,0,0,0,0,0,0,0,0,0,0,0,0
12473,D02_SCBI_C1_P1_v1,0,0,0,0,0,0,0,0,0,0,0,6.793128989390672,0,0,0,0,0,0,0
12606,D01_HARV_C1_P1_v1,0,0,0,0,0,0,0,0,0,0,0,0,0,2.2233666914765653,0,0,0,0,0
12641,D07_MLBS_R1_P1_v5,0,0,0,0,0,0,0,0,0,0,0,0,0,5.409951125985398,0,0,0,0,0
13108,D17_SJER_C1_P1_v2,0,0,0,0,0,0,0,0,0,7.5021605627192764,0,0,0,0,0,0,0,0,0
13629,D13_MOAB_R1_P1_v2,0,0,0,0,0,0,0,0,0,7.545508902471432,0,0,0,0,0,0,0,0,0
13795,D03_OSBS_C1_P1_v1,0,0,0,0,0,0,0,0,5.574210337038698,0,0,0,0,0,0,0,0,0,0
14022,D02_SERC_R1_P1_v1,0,0,0,0,0,0,0,0,0,0,0,0,0,7.636755767596889,0,0,0,0,0
14157,D04_LAJA_R1_P1_v6,0,12.754973331411273,0,0,0,0,0,0,0,0,0,0,0,0,0,0,0,0,0
14683,D04_GUAN_C1_P1_v1,0,10.508498837001252,0,0,0,0,0,0,0,0,0,0,0,0,0,0,0,0,0
14746,D13_MOAB_R1_P1_v2,0,0,0,0,0,0,0,0,0,0,8.163920630702453,0,0,0,0,0,0,0,0
14968,D02_SERC_R1_P1_v1,0,8.151972637953946,0,0,0,0,0,0,0,0,0,0,0,0,0,0,0,0,0
15107,D02_BLAN_R2_P1_v1,0,6.5180998403589765,0,0,0,0,0,0,0,0,0,0,0,0,0,0,0,0,0
15599,D05_STEI_TREE_R1_P1_v2,0,0,0,0,0,0,0,0,0,0,0,0,3.4919355741356344,0,0,0,0,0,0
15680,D02_SCBI_C1_P1_v1,0,0,0,0,0,0,0,0,0,0,0,0,0,8.539746857503868,0,0,0,0,0
15701,D19_HEAL_R3_P1_v1,0,0,0,0,0,0,0,0,0,0,0,2.458159159582296,0,0,0,0,0,0,0
15716,D13_NIWO_C1_P1_v2,0,0,0,0,0,0,0,0,0,0,6.954905518431651,0,0,0,0,0,0,0,0
15899,D08_DELA_R1_P1_v1,0,0,0,0,0,0,0,0,0,0,0,0,9.382431914077484,0,0,0,0,0,0
15941,D04_CUPE_A1_P1_v1,0,0,0,0,0,0,0,0,0,93.22222222222221,0,0,0,0,0,0,0,0,0
16149,D02_SERC_R1_P1_v1,0,0,0,0,0,0,0,0,0,0,0,0,0,0,0,0,0,8.795176785830991,0
16229,D05_STEI_TREE_R1_P1_v2,0,3.632965089598514,0,0,0,0,0,0,0,0,0,0,0,0,0,0,0,0,0
17112,D16_MCRA_A2_P1_v1,0,0,0,0,0,0,0,0,0,94.59369817578774,0,0,0,0,0,0,0,0,0
17818,D16_ABBY_R2_P1_v1,0,0,0,0,0,0,0,0,0,0,0,5.992063492063492,0,0,0,0,0,0,0
17825,D18_TOOL_C1_P1_v1,0.7546085095285994,0,0,0,0,0,0,0,0,0,0,0,0,0,0,0,0,0,0
18336,D11_PRIN_C1_P2_v2,0,0,17.239401660383034,0,0,0,0,0,0,0,0,0,0,0,0,0,0,0,0
18522,D14_SRER_C1_P1_v3,0,0,0,0,0,0,0,0,0,0,3.2626387176325524,0,0,0,0,0,0,0,0
18728,D01_HOPB_C1_P2_v1,0,0,0,0,0,0,0,0,0,0,0,47.335961985643515,0,0,0,0,0,0,0
19371,D04_GUIL_A2_P1_v1,0,0,0,0,0,0,0,0,0,86.76431066917495,0,0,0,0,0,0,0,0,0
19614,D18_OKSR_A1_P1_v1,0,0,0,0,0,0,0,0,0,0,0,0,0,0,0,0,2.5223213998665153,0,0
19884,D05_STEI_TREE_R1_P1_v2,0,0,0,0,0,0,0,0,4.451160135656963,0,0,0,0,0,0,0,0,0,0
20044,D07_ORNL_C1_P1_v8,0,0,0,0,0,0,0,0,0,0,0,6.147598805076584,0,0,0,0,0,0,0
20353,D16_WREF_C1_P1_v2,0,0,0,0,0,0,0,0,0,0,0,0,0,0,0,0,4.494940348676452,0,0
20628,D03_JERC_R2_P1_v1,0,0,0,0,0,0,0,0,0,0,0,4.8696883852691215,0,0,0,0,0,0,0
20970,D03_DSNY_R1_P1_v1,0,0,0,0,0,0,0,0,0,0,0,0,0,10.613583564888627,0,0,0,0,0
20972,D08_LENO_R2_P1_v1,0,0,0,0,0,0,0,0,0,0,0,13.578680203045684,0,0,0,0,0,0,0
20992,D18_OKSR_A1_P1_v1,2.6995294598754915,0,0,0,0,0,0,0,0,0,0,0,0,0,0,0,0,0,0
21357,D17_SOAP_R1_P1_v2,0,0,0,0,0,0,0,0,0,0,0,0,0,0,0,0,12.223347813396062,0,0
21876,D02_BLAN_R2_P1_v1,0,0,0,0,0,0,0,0,0,0,0,9.43866764464771,0,0,0,0,0,0,0
23287,D08_LENO_R2_P1_v1,0,0,0,0,0,0,0,0,0,15.077566559618772,0,0,0,0,0,0,0,0,0
23852,D04_GUAN_C1_P1_v1,0,0,0,0,0,0,0,0,0,0,0,0,17.070674539273572,0,0,0,0,0,0
23968,D10_RMNP_R2_P1_v1,0,0,0,0,0,0,0,0,0,0,0,0,0,0,0,0,7.5027311969999095,0,0
24948,D04_LAJA_R1_P1_v6,0,0,0,0,0,0,0,0,0,22.47729566094854,0,0,0,0,0,0,0,0,0
25073,D09_WOOD_DCFS_C1_P1_v2,0,0,0,0,0,0,0,0,0,0,0,0,0,3.9759599755793946,0,0,0,0,0
25115,D03_OSBS_C1_P1_v1,0,0,0,0,0,0,0,0,0,0,0,0,0,0,0,0,0,10.148335818392672,0
26352,D07_ORNL_C1_P1_v8,0,0,0,0,0,0,0,0,0,0,0,0,8.082295136269115,0,0,0,0,0,0
26711,D03_JERC_R2_P1_v1,0,0,0,0,0,0,0,0,0,0,0,0,0,0,0,0,0,6.305712936732768,0
26775,D19_DEJU_R1_P1_v2,2.536474551415831,0,0,0,0,0,0,0,0,0,0,0,0,0,0,0,0,0,0
27578,D05_CHEQ_R2_P1_v2,0,0,0,0,0,0,0,0,0,0,0,0,0,0,0,0,0,29.94158903871626,0
27635,D18_OKSR_A1_P1_v1,0,0,0,0,0,0,0,0,0,0,0,0,3.553806051050839,0,0,0,0,0,0
28259,D03_OSBS_C1_P1_v1,0,0,0,0,0,0,0,0,0,0,0,0,0,0,0,0,11.418746641129147,0,0
28663,D15_REDB_A1_P1_v1,0,0,61.636883641915574,0,0,0,0,0,0,0,0,0,0,0,0,0,0,0,0
29402,D07_ORNL_C1_P1_v8,0,0,0,0,0,0,0,0,0,0,0,0,0,9.01774596222619,0,0,0,0,0
29540,D02_SERC_R1_P1_v1,0,0,0,0,0,0,0,0,0,0,0,0,16.08827309761889,0,0,0,0,0,0
30066,D03_OSBS_C1_P1_v1,0,0,0,0,0,0,0,0,0,0,0,0,0,12.148909604451287,0,0,0,0,0
30176,D13_WLOU_A1_P1_v1,0,0,0,0,0,0,0,0,0,89.25962078859408,0,0,0,0,0,0,0,0,0
33355,D08_DELA_R1_P1_v1,0,0,0,0,0,0,0,0,0,0,0,0,0,19.68369183559057,0,0,0,0,0
37312,D13_NIWO_C1_P1_v2,0,0,0,0,0,0,0,0,0,0,0,0,0,0,0,0,16.511926361906447,0,0
37605,D19_DEJU_R1_P1_v2,0,0,0,0,0,0,0,0,0,0,0,3.5624323251537757,0,0,0,0,0,0,0
38366,D16_ABBY_R2_P1_v1,0,0,0,0,0,0,0,0,0,0,12.902206080172181,0,0,0,0,0,0,0,0
40038,D06_KONZ_KONA_C1_P1_v2,0,0,12.827018818599464,0,0,0,0,0,0,0,0,0,0,0,0,0,0,0,0
41601,D09_WOOD_DCFS_C1_P1_v2,0,0,0,0,0,0,0,0,6.59689350871768,0,0,0,0,0,0,0,0,0,0
41753,D01_HARV_C1_P1_v1,0,0,0,0,0,0,0,0,0,0,0,0,7.3641305306378735,0,0,0,0,0,0
42001,D06_UKFS_R1_P1_v2,0,20.428998759697464,0,0,0,0,0,0,0,0,0,0,0,0,0,0,0,0,0
42468,D08_TALL_C1_P1_v1,0,0,0,0,0,0,0,0,0,0,0,21.908677730717443,0,0,0,0,0,0,0
42901,D17_SJER_C1_P1_v2,0,0,0,0,0,0,0,0,0,0,0,0,0,0,0,0,24.553722177389353,0,0
44428,D11_OAES_R1_P1_v2,0,0,0,0,0,0,0,0,0,0,0,0,0,0,0,0,12.45926648830857,0,0
47053,D05_UNDE_C1_P1_v1,0,0,0,0,0,0,0,0,0,0,0,13.858519574463072,0,0,0,0,0,0,0
47080,D04_LAJA_R1_P1_v6,0,0,0,0,0,0,0,0,0,0,42.4174715294796,0,0,0,0,0,0,0,0
48678,D06_UKFS_R1_P1_v2,0,0,23.676645832826672,0,0,0,0,0,0,0,0,0,0,0,0,0,0,0,0
49755,D07_MLBS_R1_P1_v5,0,0,0,0,0,0,0,0,0,0,0,21.293577903125026,0,0,0,0,0,0,0
50221,D18_TOOL_C1_P1_v1,0,0,0,0,0,0,0,0,0,0,0,0,2.1260697872109837,0,0,0,0,0,0
50652,D02_BLAN_R2_P1_v1,0,0,21.854424645122318,0,0,0,0,0,0,0,0,0,0,0,0,0,0,0,0
51477,D18_BARR_R1_P1_v2,2.3781288098822833,0,0,0,0,0,0,0,0,0,0,0,0,0,0,0,0,0,0
51599,D06_KONZ_KONA_C1_P1_v2,0,16.530829312675806,0,0,0,0,0,0,0,0,0,0,0,0,0,0,0,0,0
51925,D05_CHEQ_R2_P1_v2,0,0,56.375263283608014,0,0,0,0,0,0,0,0,0,0,0,0,0,0,0,0
53329,D16_ABBY_R2_P1_v1,0,0,0,0,0,0,0,0,0,0,0,0,0,0,0,0,17.93415388754372,0,0
54368,D08_TALL_C1_P1_v1,0,0,0,0,0,0,0,0,0,28.047729840436237,0,0,0,0,0,0,0,0,0
54814,D05_UNDE_C1_P1_v1,0,0,0,0,0,0,0,0,0,0,0,0,16.144366819429553,0,0,0,0,0,0
55360,D14_SRER_C1_P1_v3,0,0,0,0,0,0,0,0,0,9.751629381715695,0,0,0,0,0,0,0,0,0
55614,D15_ONAQ_C1_P1_v2,0,0,0,0,0,0,0,0,0,19.682539682539684,0,0,0,0,0,0,0,0,0
56142,D01_BART_R1_P1_v1,0,0,26.07677837385912,0,0,0,0,0,0,0,0,0,0,0,0,0,0,0,0
56461,D15_ONAQ_C1_P1_v2,0,0,0,0,0,0,0,0,0,0,19.982304330130418,0,0,0,0,0,0,0,0
56561,D10_STER_R1_P1,0,0,0,0,0,0,0,0,0,0,29.482962630901312,0,0,0,0,0,0,0,0
57446,D09_NOGP_R2_P1_v1,0,24.271385234196092,0,0,0,0,0,0,0,0,0,0,0,0,0,0,0,0,0
58221,D06_MCDI_C1_P2_v1,0,0,0,0,0,0,0,0,0,0,76.05517890034095,0,0,0,0,0,0,0,0
60320,D01_HARV_C1_P1_v1,0,0,0,0,0,0,0,0,0,0,0,0,0,0,0,0,0,10.638860767084438,0
64881,D02_SERC_R1_P1_v1,0,0,35.3359257564865,0,0,0,0,0,0,0,0,0,0,0,0,0,0,0,0
65204,D04_GUAN_C1_P1_v1,0,0,0,0,0,0,0,0,0,46.66595097512972,0,0,0,0,0,0,0,0,0
66312,D11_CLBJ_C1_P1_v2,0,0,32.17311144534472,0,0,0,0,0,0,0,0,0,0,0,0,0,0,0,0
67342,D09_WOOD_DCFS_C1_P1_v2,0,0,0,0,0,0,0,0,0,0,0,0,10.678781824092354,0,0,0,0,0,0
67850,D08_DELA_R1_P1_v1,0,0,0,0,0,0,0,0,0,0,0,0,0,0,0,0,0,40.040128647723584,0
68242,D08_TALL_C1_P1_v1,0,0,35.20514235894367,0,0,0,0,0,0,0,0,0,0,0,0,0,0,0,0
68247,D01_BART_R1_P1_v1,0,0,0,0,0,0,0,0,0,31.699296314359366,0,0,0,0,0,0,0,0,0
69403,D17_TEAK_R2_P1_v3,0,0,0,0,0,0,0,0,0,0,0,0,0,0,0,0,21.8192850248836,0,0
71683,D19_DEJU_R1_P1_v2,0,0,6.790741560005268,0,0,0,0,0,0,0,0,0,0,0,0,0,0,0,0
71934,D10_ARIK_A1_P2_v2,0,20.4021782290544,0,0,0,0,0,0,0,0,0,0,0,0,0,0,0,0,0
71947,D12_YELL_C1_P1_v2,0,0,0,0,0,0,0,0,0,15.84815970853149,0,0,0,0,0,0,0,0,0
73921,D08_LENO_R2_P1_v1,0,0,0,0,0,0,0,0,0,0,0,0,0,0,0,0,0,47.861416140060086,0
74629,D19_BONA_C1_P1_v1,0,0,0,0,0,0,0,0,0,0,0,0,0,0,0,0,0,6.189328138308416,0
74991,D01_BART_R1_P1_v1,0,0,0,0,0,0,0,0,0,0,0,34.83174249285864,0,0,0,0,0,0,0
76094,D11_PRIN_C1_P2_v2,0,0,0,0,0,0,0,0,0,0,71.54314081289195,0,0,0,0,0,0,0,0
78500,D06_UKFS_R1_P1_v2,0,0,0,0,0,0,0,0,0,0,0,0,0,38.181862399377415,0,0,0,0,0
79606,D05_UNDE_C1_P1_v1,0,0,23.44635430779562,0,0,0,0,0,0,0,0,0,0,0,0,0,0,0,0
85545,D19_HEAL_R3_P1_v1,0,0,0,0,0,0,0,13.392982950542484,0,0,0,0,0,0,0,0,0,0,0
96617,D03_OSBS_C1_P1_v1,0,0,0,0,0,0,0,0,0,39.0404842431075,0,0,0,0,0,0,0,0,0
96781,D01_HARV_C1_P1_v1,0,0,0,0,0,0,0,0,0,17.069621748992027,0,0,0,0,0,0,0,0,0
98767,D05_STEI_TREE_R1_P1_v2,0,0,0,0,0,0,0,0,0,0,0,22.10962246622567,0,0,0,0,0,0,0
98851,D18_BARR_R1_P1_v2,0,0,0,0,0,0,0,0,0,0,0,0,0,0,4.566707674994144,0,0,0,0
110677,D19_HEAL_R3_P1_v1,0,0,0,0,0,0,0,0,0,17.32766583689509,0,0,0,0,0,0,0,0,0
111007,D11_CLBJ_C1_P1_v2,0,0,0,0,0,0,0,0,0,0,53.85813400611325,0,0,0,0,0,0,0,0
115263,D17_SJER_C1_P1_v2,0,0,0,0,0,0,0,0,0,0,65.96899091705156,0,0,0,0,0,0,0,0
115500,D05_STEI_TREE_R1_P1_v2,0,0,25.855411168194486,0,0,0,0,0,0,0,0,0,0,0,0,0,0,0,0
117488,D03_DSNY_R1_P1_v1,0,0,0,0,0,0,0,0,0,0,0,0,0,0,0,0,0,59.4644113434256,0
117874,D07_GRSM_R1_P1_all_v1,0,0,0,0,0,0,0,0,0,16.803040324787887,0,0,0,0,0,0,0,0,0
122299,D02_BLAN_R2_P1_v1,0,0,0,0,0,0,0,0,0,0,0,0,0,52.76739871424256,0,0,0,0,0
127366,D09_NOGP_R2_P1_v1,0,0,0,0,0,0,0,0,0,0,53.81313323362148,0,0,0,0,0,0,0,0
127653,D10_STER_R1_P1,0,66.54034809714193,0,0,0,0,0,0,0,0,0,0,0,0,0,0,0,0,0
128628,D02_SCBI_C1_P1_v1,0,0,70.05424482059996,0,0,0,0,0,0,0,0,0,0,0,0,0,0,0,0
130399,D05_UNDE_C1_P1_v1,0,0,0,0,0,0,0,0,0,0,0,0,0,0,0,0,0,38.40641604128132,0
130673,D11_OAES_R1_P1_v2,0,36.645577784882185,0,0,0,0,0,0,0,0,0,0,0,0,0,0,0,0,0
134629,D01_HARV_C1_P1_v1,0,0,23.74501303401543,0,0,0,0,0,0,0,0,0,0,0,0,0,0,0,0
138769,D05_STEI_TREE_R1_P1_v2,0,0,0,0,0,0,0,0,0,0,0,0,0,0,0,0,0,31.064325128997233,0
141164,D03_JERC_R2_P1_v1,0,0,0,0,0,0,0,0,0,33.32483474976392,0,0,0,0,0,0,0,0,0
142294,D13_NIWO_C1_P1_v2,0,0,0,0,0,0,0,0,0,62.97030579280436,0,0,0,0,0,0,0,0,0
147026,D07_MLBS_R1_P1_v5,0,0,62.92251200451935,0,0,0,0,0,0,0,0,0,0,0,0,0,0,0,0
149370,D13_MOAB_R1_P1_v2,0,0,0,0,0,0,0,0,0,0,0,0,0,0,0,0,82.69665160775976,0,0
150457,D14_JORN_R1_P1_v3,0,0,0,0,0,0,0,0,0,0,31.72478213289419,0,0,0,0,0,0,0,0
151157,D17_SOAP_R1_P1_v2,0,0,0,0,0,0,0,0,0,86.5123652867682,0,0,0,0,0,0,0,0,0
155016,D19_BONA_C1_P1_v1,0,0,0,0,0,0,0,0,0,0,0,12.856193848075378,0,0,0,0,0,0,0
156613,D11_OAES_R1_P1_v2,0,0,0,0,0,0,0,0,0,0,43.92012025149613,0,0,0,0,0,0,0,0
159224,D11_BLUE_A2_P1_v1,0,0,0,0,0,0,0,0,0,0,0,0,0,14.641098873209907,0,0,0,0,0
160083,D18_OKSR_A1_P1_v1,0,0,0,0,0,0,0,0,0,0,0,0,0,0,0,20.586355493771354,0,0,0
161317,D15_ONAQ_C1_P1_v2,0,0,0,0,0,0,0,0,0,0,0,0,0,0,0,0,57.09224752703014,0,0
163408,D19_DEJU_R1_P1_v2,0,0,0,0,0,0,0,0,0,0,0,0,0,0,0,0,0,15.48012076555586,0
164138,D16_ABBY_R2_P1_v1,0,0,0,0,0,0,0,0,0,55.1984126984127,0,0,0,0,0,0,0,0,0
176410,D06_KONZ_KONA_C1_P1_v2,0,0,0,0,0,0,0,0,0,0,56.51666890926449,0,0,0,0,0,0,0,0
177586,D01_HARV_C1_P1_v1,0,0,0,0,0,0,0,0,0,0,0,31.321497483147493,0,0,0,0,0,0,0
181402,D18_TOOL_C1_P1_v1,0,0,0,0,0,0,0,0,0,0,0,0,0,0,0,7.679522740280896,0,0,0
183974,D10_CPER_C1_P1_v1,0,0,0,0,0,0,0,0,0,0,94.81240981240981,0,0,0,0,0,0,0,0
184170,D07_ORNL_C1_P1_v8,0,0,56.485894628365315,0,0,0,0,0,0,0,0,0,0,0,0,0,0,0,0
187973,D03_JERC_R2_P1_v1,0,44.37511803588291,0,0,0,0,0,0,0,0,0,0,0,0,0,0,0,0,0
190255,D07_GRSM_R1_P1_all_v1,0,0,27.12101427789435,0,0,0,0,0,0,0,0,0,0,0,0,0,0,0,0
191221,D09_WOOD_DCFS_C1_P1_v2,0,30.32293871855252,0,0,0,0,0,0,0,0,0,0,0,0,0,0,0,0,0
219712,D18_BARR_R1_P1_v2,0,0,0,0,0,0,0,0,10.150230920155725,0,0,0,0,0,0,0,0,0,0
226726,D18_TOOL_C1_P1_v1,0,0,0,0,0,0,0,0,0,0,0,0,0,0,0,0,9.598281566977908,0,0
236533,D17_TEAK_R2_P1_v3,0,0,0,0,0,0,0,0,0,74.36250514805977,0,0,0,0,0,0,0,0,0
238763,D11_BLUE_A2_P1_v1,0,0,21.954935752551233,0,0,0,0,0,0,0,0,0,0,0,0,0,0,0,0
253503,D19_BONA_C1_P1_v1,0,0,0,0,0,0,0,0,0,0,0,0,0,0,0,0,21.024176272569623,0,0
254611,D10_ARIK_A1_P2_v2,0,0,0,0,0,0,0,0,0,0,72.21368200124795,0,0,0,0,0,0,0,0
263289,D19_BONA_C1_P1_v1,0,0,21.835774514023832,0,0,0,0,0,0,0,0,0,0,0,0,0,0,0,0
270910,D10_RMNP_R2_P1_v1,0,0,0,0,0,0,0,0,0,84.80327555821285,0,0,0,0,0,0,0,0,0
284705,D09_WOOD_DCFS_C1_P1_v2,0,0,0,0,0,0,0,0,0,0,45.147197576968516,0,0,0,0,0,0,0,0
297622,D19_DEJU_R1_P1_v2,0,0,0,0,0,0,0,0,0,28.194607990344817,0,0,0,0,0,0,0,0,0
322787,D14_JORN_R1_P1_v3,0,0,0,0,0,0,0,0,0,0,0,0,0,0,0,0,68.06162059811453,0,0
360992,D12_YELL_C1_P1_v2,0,0,0,0,0,0,0,0,0,0,0,0,0,0,0,0,79.51768481663169,0,0
377062,D07_GRSM_R1_P1_all_v1,0,0,0,0,0,0,0,0,0,0,0,53.750513183103735,0,0,0,0,0,0,0
393445,D16_WREF_C1_P1_v2,0,0,0,0,0,0,0,0,0,86.89194740259454,0,0,0,0,0,0,0,0,0
412950,D19_HEAL_R3_P1_v1,0,0,0,0,0,0,0,0,0,0,0,0,0,0,0,0,64.65173077826311,0,0
424733,D19_DEJU_R1_P1_v2,0,0,0,0,0,0,0,0,0,0,0,0,0,0,0,0,40.23620712031747,0,0
445383,D19_BONA_C1_P1_v1,0,0,0,0,0,0,0,0,0,36.937672141181274,0,0,0,0,0,0,0,0,0
489251,D14_SRER_C1_P1_v3,0,0,0,0,0,0,0,0,0,0,0,0,0,0,0,0,86.18125770653513,0,0
539384,D18_OKSR_A1_P1_v1,0,0,0,0,0,0,0,69.36370989831755,0,0,0,0,0,0,0,0,0,0,0
637638,D11_BLUE_A2_P1_v1,0,0,0,0,0,0,0,0,0,0,58.63262449954667,0,0,0,0,0,0,0,0
761843,D18_BARR_R1_P1_v2,0,0,0,0,0,0,0,0,0,0,0,0,35.19553950127529,0,0,0,0,0,0
971433,D18_BARR_R1_P1_v2,0,0,0,0,0,0,0,0,0,0,0,0,0,0,0,44.87815537366933,0,0,0
1864123,D18_TOOL_C1_P1_v1,0,0,0,0,0,0,0,78.91630174518829,0,0,0,0,0,0,0,0,0,0,0
